ID	label	TYPE	parent classes (one strongly preferred)	definition	definition source	term editor	comment	biolink close match	confirmed exact synonym	literature mining related synonyms	madin synonym or field	Madin synonym source	bacdive keyword synonym	Bacdive synonym source	bactotraits related synonym	Bactotraits synonym source	measurement_unit_ucum	range_min	range_max	equivalent_class_formula
ID	LABEL	TYPE	SC % SPLIT=|	A IAO:0000115	>AI IAO:0000119 SPLIT=|	A IAO:0000117 SPLIT=|	A rdfs:comment	AI skos:closeMatch	A oboInOwl:hasExactSynonym SPLIT=|	A oboInOwl:hasRelatedSynonym SPLIT=|	A oboInOwl:hasRelatedSynonym SPLIT=|	>AI IAO:0000119 SPLIT=|	A oboInOwl:hasRelatedSynonym SPLIT=|	>AI IAO:0000119	A oboInOwl:hasRelatedSynonym SPLIT=|	>AI IAO:0000119	A qudt:ucumCode	A METPO:range_min	A METPO:range_max	EC %
METPO:1000059	phenotype	owl:Class	quality	A quality that differentiates specific instances of a species from other instances of the same species.	PHIPO:0000505	Anthea Guo|Luke Wang		https://biolink.github.io/biolink-model/PhenotypicQuality												
METPO:1000060	metabolism	owl:Class	biological process	A biological process that maintain life in an organism.	GO:0008152|https://purl.dsmz.de/schema/MetabolicProcess	Anthea Guo														
METPO:1000127	GC content	owl:Class	quality	A quality that is describing the percentage of guanine and cytosine nucleotides in genomic DNA, calculated as the ratio of GC base pairs to total base pairs.	https://purl.dsmz.de/schema/GCContent	Luke Wang														
METPO:1000186	material entity	owl:Class		An object or portion of a substance or mixture of substances that consists of matter	BFO:0000040	Anthea Guo														
METPO:1000188	quality	owl:Class		A characteristic of an entity that depends on the entity's existence, size, color, and physiological traits.																
METPO:1000232	pH delta	owl:Class	pH phenotype with numerical limits|delta phenotype with numerical limits																	
METPO:1000303	temperature delta	owl:Class	temperature phenotype with numerical limits|delta phenotype with numerical limits																	
METPO:1000304	temperature optimum	owl:Class	temperature phenotype with numerical limits|optimum phenotype with numerical limits	A temperature phenotype with numerical limits that represents the conditions at which an organism exhibits the most efficient growth and reproduction.	https://purl.dsmz.de/schema/OptimumTemperature	Anthea Guo														
METPO:1000306	temperature range	owl:Class	temperature phenotype with numerical limits|growth range phenotype with numerical limits																	
METPO:1000331	pH optimum	owl:Class	pH phenotype with numerical limits|optimum phenotype with numerical limits	A pH phenotype with numerical limits that represents the conditions at which an organism exhibits the most efficient growth and reproduction.																
METPO:1000332	pH range	owl:Class	pH phenotype with numerical limits|growth range phenotype with numerical limits			Luke Wang														
METPO:1000333	NaCl optimum	owl:Class	salinity phenotype with numerical limits|optimum phenotype with numerical limits	A salinity phenotype with numerical limits that supports the most efficient growth and reproduction of an organism.	https://purl.dsmz.de/schema/OptimumSalinity	Luke Wang														
METPO:1000334	NaCl range	owl:Class	salinity phenotype with numerical limits|growth range phenotype with numerical limits			Anthea Guo														
METPO:1000335	NaCl delta	owl:Class	salinity phenotype with numerical limits|delta phenotype with numerical limits																	
METPO:1000429	GC low	owl:Class	GC content												GC_42.65_57.0	https://ordar.otelo.univ-lorraine.fr/files/ORDAR-53/BactoTraits_databaseV2_Jun2022.csv			42.65	'GC content' and 'METPO:2000071' some xsd:decimal[<= 42.65]
METPO:1000430	GC mid1	owl:Class	GC content												GC_>66.3	https://ordar.otelo.univ-lorraine.fr/files/ORDAR-53/BactoTraits_databaseV2_Jun2022.csv		42.65	57	'GC content' and 'METPO:2000071' some xsd:decimal[>= 42.65, <= 57]
METPO:1000431	GC mid2	owl:Class	GC content												GC_57.0_66.3	https://ordar.otelo.univ-lorraine.fr/files/ORDAR-53/BactoTraits_databaseV2_Jun2022.csv		57	66.3	'GC content' and 'METPO:2000071' some xsd:decimal[>= 57, <= 66.3]
METPO:1000432	GC high	owl:Class	GC content												GC_<=42.65	https://ordar.otelo.univ-lorraine.fr/files/ORDAR-53/BactoTraits_databaseV2_Jun2022.csv		66.3		'GC content' and 'METPO:2000071' some xsd:decimal[>= 66.3]
METPO:1000441	temperature optimum very low	owl:Class	temperature optimum						Psychrophile						TO_<=10	https://ordar.otelo.univ-lorraine.fr/files/ORDAR-53/BactoTraits_databaseV2_Jun2022.csv	Cel		10	'temperature optimum' and 'METPO:2000071' some xsd:decimal[<= 10]
METPO:1000442	temperature optimum low	owl:Class	temperature optimum						Psychrophile|Psychrotolerant						TO_10_to_22	https://ordar.otelo.univ-lorraine.fr/files/ORDAR-53/BactoTraits_databaseV2_Jun2022.csv	Cel	10	22	'temperature optimum' and 'METPO:2000071' some xsd:decimal[>= 10, <= 22]
METPO:1000443	temperature optimum mid1	owl:Class	temperature optimum						Mesophilie						TO_22_to_27	https://ordar.otelo.univ-lorraine.fr/files/ORDAR-53/BactoTraits_databaseV2_Jun2022.csv	Cel	22	27	'temperature optimum' and 'METPO:2000071' some xsd:decimal[>= 22, <= 27]
METPO:1000444	temperature optimum mid2	owl:Class	temperature optimum						Mesophilie						TO_27_to_30	https://ordar.otelo.univ-lorraine.fr/files/ORDAR-53/BactoTraits_databaseV2_Jun2022.csv	Cel	27	30	'temperature optimum' and 'METPO:2000071' some xsd:decimal[>= 27, <= 30]
METPO:1000445	temperature optimum mid3	owl:Class	temperature optimum						Mesophilie						TO_30_to_34	https://ordar.otelo.univ-lorraine.fr/files/ORDAR-53/BactoTraits_databaseV2_Jun2022.csv	Cel	30	34	'temperature optimum' and 'METPO:2000071' some xsd:decimal[>= 30, <= 34]
METPO:1000446	temperature optimum mid4	owl:Class	temperature optimum						Mesophilie						TO_34_to_40	https://ordar.otelo.univ-lorraine.fr/files/ORDAR-53/BactoTraits_databaseV2_Jun2022.csv	Cel	34	40	'temperature optimum' and 'METPO:2000071' some xsd:decimal[>= 34, <= 40]
METPO:1000447	temperature optimum high	owl:Class	temperature optimum						Thermophile						TO_>40	https://ordar.otelo.univ-lorraine.fr/files/ORDAR-53/BactoTraits_databaseV2_Jun2022.csv	Cel	40		'temperature optimum' and 'METPO:2000071' some xsd:decimal[>= 40]
METPO:1000448	temperature range very low	owl:Class	temperature range						Psychrophile						TR_<=10	https://ordar.otelo.univ-lorraine.fr/files/ORDAR-53/BactoTraits_databaseV2_Jun2022.csv	Cel		10	'temperature range' and 'METPO:2000071' some xsd:decimal[<= 10]
METPO:1000449	temperature range low	owl:Class	temperature range						Psychrophile|Psychrotolerant						TR_10_to_22	https://ordar.otelo.univ-lorraine.fr/files/ORDAR-53/BactoTraits_databaseV2_Jun2022.csv	Cel	10	22	'temperature range' and 'METPO:2000071' some xsd:decimal[>= 10, <= 22]
METPO:1000450	temperature range mid1	owl:Class	temperature range						Mesophilie						TR_22_to_27	https://ordar.otelo.univ-lorraine.fr/files/ORDAR-53/BactoTraits_databaseV2_Jun2022.csv	Cel	22	27	'temperature range' and 'METPO:2000071' some xsd:decimal[>= 22, <= 27]
METPO:1000451	temperature range mid2	owl:Class	temperature range						Mesophilie						TR_27_to_30	https://ordar.otelo.univ-lorraine.fr/files/ORDAR-53/BactoTraits_databaseV2_Jun2022.csv	Cel	27	30	'temperature range' and 'METPO:2000071' some xsd:decimal[>= 27, <= 30]
METPO:1000452	temperature range mid3	owl:Class	temperature range						Mesophilie						TR_30_to_34	https://ordar.otelo.univ-lorraine.fr/files/ORDAR-53/BactoTraits_databaseV2_Jun2022.csv	Cel	30	34	'temperature range' and 'METPO:2000071' some xsd:decimal[>= 30, <= 34]
METPO:1000453	temperature range mid4	owl:Class	temperature range						Mesophilie						TR_34_to_40	https://ordar.otelo.univ-lorraine.fr/files/ORDAR-53/BactoTraits_databaseV2_Jun2022.csv	Cel	34	40	'temperature range' and 'METPO:2000071' some xsd:decimal[>= 34, <= 40]
METPO:1000454	temperature range high	owl:Class	temperature range						Thermophile						TR_>40	https://ordar.otelo.univ-lorraine.fr/files/ORDAR-53/BactoTraits_databaseV2_Jun2022.csv	Cel	40		'temperature range' and 'METPO:2000071' some xsd:decimal[>= 40]
METPO:1000455	pH optimum low	owl:Class	pH optimum						Extreme Acidophile|Acidophile|Acid Tolerant|Facultative acidophile|Obligative acidophile						pHO_0_to_6	https://ordar.otelo.univ-lorraine.fr/files/ORDAR-53/BactoTraits_databaseV2_Jun2022.csv		0	6	'pH optimum' and 'METPO:2000071' some xsd:decimal[>= 0, <= 6]
METPO:1000456	pH optimum mid1	owl:Class	pH optimum						Neutrophile|Alkali Tolerant						pHO_6_to_7	https://ordar.otelo.univ-lorraine.fr/files/ORDAR-53/BactoTraits_databaseV2_Jun2022.csv		6	7	'pH optimum' and 'METPO:2000071' some xsd:decimal[>= 6, <= 7]
METPO:1000457	pH optimum mid2	owl:Class	pH optimum						Neutrophile|Alkaliphile|Alkali Tolerant						pHO_7_to_8	https://ordar.otelo.univ-lorraine.fr/files/ORDAR-53/BactoTraits_databaseV2_Jun2022.csv		7	8	'pH optimum' and 'METPO:2000071' some xsd:decimal[>= 7, <= 8]
METPO:1000458	pH optimum high	owl:Class	pH optimum						Alkaliphile|Alkali Tolerant|Extreme Alkaliphile						pHO_8_to_14	https://ordar.otelo.univ-lorraine.fr/files/ORDAR-53/BactoTraits_databaseV2_Jun2022.csv		8	14	'pH optimum' and 'METPO:2000071' some xsd:decimal[>= 8, <= 14]
METPO:1000459	pH range very low	owl:Class	pH range						Extreme Acidophile|Acidophile|Acid Tolerant|Facultative acidophile|Obligative acidophile						pHR_0_to_4	https://ordar.otelo.univ-lorraine.fr/files/ORDAR-53/BactoTraits_databaseV2_Jun2022.csv		0	4	'pH range' and 'METPO:2000071' some xsd:decimal[>= 0, <= 4]
METPO:1000460	pH range low	owl:Class	pH range						Acidophile|Acid Tolerant|Facultative acidophile|Obligative acidophile						pHR_4_to_6	https://ordar.otelo.univ-lorraine.fr/files/ORDAR-53/BactoTraits_databaseV2_Jun2022.csv		4	6	'pH range' and 'METPO:2000071' some xsd:decimal[>= 4, <= 6]
METPO:1000461	pH range mid1	owl:Class	pH range						Neutrophile|Alkali Tolerant|Facultative acidophile						pHR_6_to_7	https://ordar.otelo.univ-lorraine.fr/files/ORDAR-53/BactoTraits_databaseV2_Jun2022.csv		6	7	'pH range' and 'METPO:2000071' some xsd:decimal[>= 6, <= 7]
METPO:1000462	pH range mid2	owl:Class	pH range						Neutrophile|Alkaliphile|Alkali Tolerant|Facultative acidophile						pHR_7_to_8	https://ordar.otelo.univ-lorraine.fr/files/ORDAR-53/BactoTraits_databaseV2_Jun2022.csv		7	8	'pH range' and 'METPO:2000071' some xsd:decimal[>= 7, <= 8]
METPO:1000463	pH range mid3	owl:Class	pH range						Alkaliphile|Alkali Tolerant|Extreme Alkaliphile|Facultative acidophile						pHR_8_to_10	https://ordar.otelo.univ-lorraine.fr/files/ORDAR-53/BactoTraits_databaseV2_Jun2022.csv		8	10	'pH range' and 'METPO:2000071' some xsd:decimal[>= 8, <= 10]
METPO:1000464	pH range high	owl:Class	pH range						Alkaliphile|Alkali Tolerant|Extreme Alkaliphile						10_to_14	https://ordar.otelo.univ-lorraine.fr/files/ORDAR-53/BactoTraits_databaseV2_Jun2022.csv		10	14	'pH range' and 'METPO:2000071' some xsd:decimal[>= 10, <= 14]
METPO:1000465	NaCl optimum low	owl:Class	NaCl optimum						Non-halophile|Halotolerant						NaO_<=1	https://ordar.otelo.univ-lorraine.fr/files/ORDAR-53/BactoTraits_databaseV2_Jun2022.csv	%		1	'NaCl optimum' and 'METPO:2000071' some xsd:decimal[<= 1]
METPO:1000466	NaCl optimum mid1	owl:Class	NaCl optimum						Slight halophile|Halotolerant						NaO_1_to_3	https://ordar.otelo.univ-lorraine.fr/files/ORDAR-53/BactoTraits_databaseV2_Jun2022.csv	%	1	3	'NaCl optimum' and 'METPO:2000071' some xsd:decimal[>= 1, <= 3]
METPO:1000467	NaCl optimum mid2	owl:Class	NaCl optimum						Moderate halophile|Halotolerant						NaO_3_to_8	https://ordar.otelo.univ-lorraine.fr/files/ORDAR-53/BactoTraits_databaseV2_Jun2022.csv	%	3	8	'NaCl optimum' and 'METPO:2000071' some xsd:decimal[>= 3, <= 8]
METPO:1000468	NaCl optimum high	owl:Class	NaCl optimum						Extreme halophile						NaO_>8	https://ordar.otelo.univ-lorraine.fr/files/ORDAR-53/BactoTraits_databaseV2_Jun2022.csv	%	8		'NaCl optimum' and 'METPO:2000071' some xsd:decimal[>= 8]
METPO:1000469	NaCl range low	owl:Class	NaCl range						Non-halophile|Halotolerant						NaR_<=1	https://ordar.otelo.univ-lorraine.fr/files/ORDAR-53/BactoTraits_databaseV2_Jun2022.csv	%		1	'NaCl range' and 'METPO:2000071' some xsd:decimal[<= 1]
METPO:1000470	NaCl range mid1	owl:Class	NaCl range						Slight halophile|Halotolerant						NaR_1_to_3	https://ordar.otelo.univ-lorraine.fr/files/ORDAR-53/BactoTraits_databaseV2_Jun2022.csv	%	1	3	'NaCl range' and 'METPO:2000071' some xsd:decimal[>= 1, <= 3]
METPO:1000471	NaCl range mid2	owl:Class	NaCl range						Moderate halophile|Halotolerant						NaR_3_to_8	https://ordar.otelo.univ-lorraine.fr/files/ORDAR-53/BactoTraits_databaseV2_Jun2022.csv	%	3	8	'NaCl range' and 'METPO:2000071' some xsd:decimal[>= 3, <= 8]
METPO:1000472	NaCl range high	owl:Class	NaCl range						Extreme halophile						NaR_>8	https://ordar.otelo.univ-lorraine.fr/files/ORDAR-53/BactoTraits_databaseV2_Jun2022.csv	%	8		'NaCl range' and 'METPO:2000071' some xsd:decimal[>= 8]
METPO:1000473	pH delta very low	owl:Class	pH delta												pHd_<=1	https://ordar.otelo.univ-lorraine.fr/files/ORDAR-53/BactoTraits_databaseV2_Jun2022.csv			1	'pH delta' and 'METPO:2000071' some xsd:decimal[<= 1]
METPO:1000474	pH delta low	owl:Class	pH delta												pHd_1_2	https://ordar.otelo.univ-lorraine.fr/files/ORDAR-53/BactoTraits_databaseV2_Jun2022.csv		1	2	'pH delta' and 'METPO:2000071' some xsd:decimal[>= 1, <= 2]
METPO:1000475	pH delta mid1	owl:Class	pH delta												pHd_2_3	https://ordar.otelo.univ-lorraine.fr/files/ORDAR-53/BactoTraits_databaseV2_Jun2022.csv		2	3	'pH delta' and 'METPO:2000071' some xsd:decimal[>= 2, <= 3]
METPO:1000476	pH delta mid2	owl:Class	pH delta												pHd_3_4	https://ordar.otelo.univ-lorraine.fr/files/ORDAR-53/BactoTraits_databaseV2_Jun2022.csv		3	4	'pH delta' and 'METPO:2000071' some xsd:decimal[>= 3, <= 4]
METPO:1000477	pH delta mid3	owl:Class	pH delta												pHd_4_5	https://ordar.otelo.univ-lorraine.fr/files/ORDAR-53/BactoTraits_databaseV2_Jun2022.csv		4	5	'pH delta' and 'METPO:2000071' some xsd:decimal[>= 4, <= 5]
METPO:1000478	pH delta high	owl:Class	pH delta												pHd_5_9	https://ordar.otelo.univ-lorraine.fr/files/ORDAR-53/BactoTraits_databaseV2_Jun2022.csv		5	9	'pH delta' and 'METPO:2000071' some xsd:decimal[>= 5, <= 9]
METPO:1000479	NaCl delta low	owl:Class	NaCl delta												Nad_<=1	https://ordar.otelo.univ-lorraine.fr/files/ORDAR-53/BactoTraits_databaseV2_Jun2022.csv	%		1	'NaCl delta' and 'METPO:2000071' some xsd:decimal[<= 1]
METPO:1000480	NaCl delta mid1	owl:Class	NaCl delta												Nad_1_3	https://ordar.otelo.univ-lorraine.fr/files/ORDAR-53/BactoTraits_databaseV2_Jun2022.csv	%	1	3	'NaCl delta' and 'METPO:2000071' some xsd:decimal[>= 1, <= 3]
METPO:1000481	NaCl delta mid2	owl:Class	NaCl delta												Nad_3_8	https://ordar.otelo.univ-lorraine.fr/files/ORDAR-53/BactoTraits_databaseV2_Jun2022.csv	%	3	8	'NaCl delta' and 'METPO:2000071' some xsd:decimal[>= 3, <= 8]
METPO:1000482	NaCl delta high	owl:Class	NaCl delta												Nad_>8	https://ordar.otelo.univ-lorraine.fr/files/ORDAR-53/BactoTraits_databaseV2_Jun2022.csv	%		8	'NaCl delta' and 'METPO:2000071' some xsd:decimal[<= 8]
METPO:1000483	temperature delta very low	owl:Class	temperature delta												Td_1_5	https://ordar.otelo.univ-lorraine.fr/files/ORDAR-53/BactoTraits_databaseV2_Jun2022.csv	Cel	1	5	'temperature delta' and 'METPO:2000071' some xsd:decimal[>= 1, <= 5]
METPO:1000484	temperature delta low	owl:Class	temperature delta												Td_5_10	https://ordar.otelo.univ-lorraine.fr/files/ORDAR-53/BactoTraits_databaseV2_Jun2022.csv	Cel	5	10	'temperature delta' and 'METPO:2000071' some xsd:decimal[>= 5, <= 10]
METPO:1000485	temperature delta mid1	owl:Class	temperature delta												Td_10_20	https://ordar.otelo.univ-lorraine.fr/files/ORDAR-53/BactoTraits_databaseV2_Jun2022.csv	Cel	10	20	'temperature delta' and 'METPO:2000071' some xsd:decimal[>= 10, <= 20]
METPO:1000486	temperature delta mid2	owl:Class	temperature delta												Td_20_30	https://ordar.otelo.univ-lorraine.fr/files/ORDAR-53/BactoTraits_databaseV2_Jun2022.csv	Cel	20	30	'temperature delta' and 'METPO:2000071' some xsd:decimal[>= 20, <= 30]
METPO:1000487	temperature delta high	owl:Class	temperature delta												Td_>30	https://ordar.otelo.univ-lorraine.fr/files/ORDAR-53/BactoTraits_databaseV2_Jun2022.csv	Cel	30		'temperature delta' and 'METPO:2000071' some xsd:decimal[>= 30]
METPO:1000525	microbe	owl:Class	material entity	A material entity that is too small to be viewed by the unaided eye, typically requiring microscopy for observation.	OHMI:0000460	Luke Wang	METPO is primarily concerned with unicellular, prokaryotic life forms, i.e. bacteria and archea, including the cases of giant bacteria like Thiomargarita	https://biolink.github.io/biolink-model/OrganismTaxon												
METPO:1000526	chemical entity	owl:Class	material entity	A material entity that is a physical entity of interest in chemistry including molecular entities, parts thereof, and chemical substances.	CHEBI:24431			https://biolink.github.io/biolink-model/ChemicalEntity												
METPO:1000527	enzyme	owl:Class	material entity																	
METPO:1000531	pH phenotype with numerical limits	owl:Class	phenotype	A phenotype characterized by specific pH values or ranges that define growth or activity limits.																
METPO:1000532	salinity phenotype with numerical limits	owl:Class	phenotype	A phenotype characterized by specific salt concentration values or ranges that define growth or activity limits.																
METPO:1000533	temperature phenotype with numerical limits	owl:Class	phenotype	A phenotype characterized by specific temperature values or ranges that define growth or activity limits.																
METPO:1000534	delta phenotype with numerical limits	owl:Class	phenotype	A phenotype characterized by the difference between maximum and minimum values of a growth parameter.																
METPO:1000535	growth range phenotype with numerical limits	owl:Class	phenotype	A phenotype characterized by the span of values within which an organism can maintain growth.																
METPO:1000536	optimum phenotype with numerical limits	owl:Class	phenotype	A phenotype characterized by the value at which an organism exhibits maximum growth rate or activity.																
METPO:1000601	oxygen preference	owl:Class	phenotype	A phenotype that is relating to an organism's oxygen requirements or tolerance for growth.	UPHENO:0049673|https://purl.dsmz.de/schema/OxygenTolerance						metabolism	https://github.com/jmadin/bacteria_archaea_traits	Physiology and metabolism.oxygen tolerance.oxygen tolerance	https://bacdive.dsmz.de/						
METPO:1000602	aerobic	owl:Class	oxygen preference	An oxygen preference in which growth occurs in the presence of molecular oxygen (O₂), typically using O₂ as the terminal electron acceptor.	ECOCORE:00000173|OMP:0005253						aerobic	https://github.com/jmadin/bacteria_archaea_traits	aerobe	https://bacdive.dsmz.de/	Ox_aerobic	https://ordar.otelo.univ-lorraine.fr/files/ORDAR-53/BactoTraits_databaseV2_Jun2022.csv				
METPO:1000603	anaerobic	owl:Class	oxygen preference	An oxygen preference in which growth occurs in the absence of molecular oxygen (O₂).	MICRO:0000495						anaerobic	https://github.com/jmadin/bacteria_archaea_traits	anaerobe	https://bacdive.dsmz.de/	Ox_anaerobic	https://ordar.otelo.univ-lorraine.fr/files/ORDAR-53/BactoTraits_databaseV2_Jun2022.csv				
METPO:1000604	microaerophilic	owl:Class	oxygen preference	An oxygen preference that requires molecular oxygen (O₂) at concentrations lower than atmospheric.	ECOCORE:00000180|MICRO:0000515|OMP:0005254						microaerophilic	https://github.com/jmadin/bacteria_archaea_traits	microaerophile	https://bacdive.dsmz.de/	Ox_microerophile	https://ordar.otelo.univ-lorraine.fr/files/ORDAR-53/BactoTraits_databaseV2_Jun2022.csv				
METPO:1000605	facultatively anaerobic	owl:Class	oxygen preference	An oxygen preference in which growth can occur with or without molecular oxygen (O₂).	MICRO:0001520|OMP:0000087						facultative	https://github.com/jmadin/bacteria_archaea_traits	facultative anaerobe	https://bacdive.dsmz.de/						
METPO:1000606	obligately aerobic	owl:Class	oxygen preference	An oxygen preference that requires molecular oxygen (O₂) for growth.	MICRO:0000516						obligate aerobic	https://github.com/jmadin/bacteria_archaea_traits	obligate aerobe	https://bacdive.dsmz.de/						
METPO:1000607	obligately anaerobic	owl:Class	oxygen preference	An oxygen preference in which molecular oxygen (O₂) inhibits or prevents growth.	MICRO:0000504						obligate anaerobic	https://github.com/jmadin/bacteria_archaea_traits	obligate anaerobe	https://bacdive.dsmz.de/						
METPO:1000608	facultatively aerobic	owl:Class	oxygen preference	An oxygen preference in which growth can occur without oxygen but is capable of aerobic growth.	ECOCORE:00000177|OMP:0000087						facultative	https://github.com/jmadin/bacteria_archaea_traits	facultative aerobe	https://bacdive.dsmz.de/						
METPO:1000609	aerotolerant	owl:Class	oxygen preference	An oxygen preference that does not use O₂ for growth but tolerates its presence.	MICRO:0000502								aerotolerant	https://bacdive.dsmz.de/						
METPO:1000610	microaerotolerant	owl:Class	oxygen preference	An oxygen preference that tolerates low levels of molecular oxygen (O₂) without requiring it.	ECOCORE:00000180|ECOCORE:00000181|OMP:0000087|OMP:0000105								microaerotolerant	https://bacdive.dsmz.de/						
METPO:1000611	strictly anaerobic	owl:Class	obligately anaerobic	An obligately anaerobic where a microorganism does not grow in the presence of oxygen gas (O2).	OMP:0000184						strictly anaerobic	https://github.com/jmadin/bacteria_archaea_traits								
METPO:1000612	facultative oxygen preference	owl:Class	oxygen preference	An oxygen preference that describes a microorganism that can grow with or without molecular oxygen.	OMP:0000087										Ox_facultative_aerobe_anaerobe	https://ordar.otelo.univ-lorraine.fr/files/ORDAR-53/BactoTraits_databaseV2_Jun2022.csv				
METPO:1000613	temperature preference	owl:Class	phenotype	A phenotype that describes characteristic growth with respect to environmental temperature.	OMP:0005002						range_tmp	https://github.com/jmadin/bacteria_archaea_traits	Physiology and metabolism.culture temp.temperature	https://bacdive.dsmz.de/						
METPO:1000614	psychrophilic	owl:Class	temperature preference	A temperature preference in which growth is favored at low temperatures, typically near or below ~15 °C.	MICRO:0001306						psychrophilic	https://github.com/jmadin/bacteria_archaea_traits	psychrophilic	https://bacdive.dsmz.de/						
METPO:1000615	mesophilic	owl:Class	temperature preference	A temperature preference in which growth is favored at intermediate temperatures, typically ~20–45 °C.	MICRO:0000111						mesophilic	https://github.com/jmadin/bacteria_archaea_traits	mesophilic	https://bacdive.dsmz.de/						
METPO:1000616	thermophilic	owl:Class	temperature preference	A temperature preference in which growth is favored at elevated temperatures, typically ≥45 °C.	MICRO:0000118|OMP:0005003|OMP:0005004						thermophilic	https://github.com/jmadin/bacteria_archaea_traits	thermophilic	https://bacdive.dsmz.de/						
METPO:1000617	hyperthermophilic	owl:Class	temperature preference	A temperature preference in which growth is favored at very high temperatures, typically ≥80 °C.	MICRO:0001538						extreme thermophilic	https://github.com/jmadin/bacteria_archaea_traits	hyperthermophilic	https://bacdive.dsmz.de/						
METPO:1000618	psychrotolerant	owl:Class	temperature preference	A temperature preference in which growth can occur at low temperatures without an obligate low-temperature preference.	MICRO:0001310|OMP:0005006|OMP:0005007						psychrotolerant	https://github.com/jmadin/bacteria_archaea_traits								
METPO:1000619	thermotolerant	owl:Class	temperature preference	A temperature preference in which growth can occur at elevated temperatures without an obligate high-temperature preference.	MICRO:0001286						thermotolerant	https://github.com/jmadin/bacteria_archaea_traits								
METPO:1000620	halophilic	owl:Class	halophily preference	A halophily preference in which an organism requires high concentrations of salt for growth and survival.	GO:0170002|MICRO:0001314|MICRO:0001315|OMP:0005016						halophilic	https://github.com/jmadin/bacteria_archaea_traits	halophilic	https://bacdive.dsmz.de/						
METPO:1000621	haloalkaliphilic	owl:Class	halophily preference	A halophily preference in which an organism requires both high salt concentrations and alkaline pH for optimal growth.	MICRO:0001314|MICRO:0001392|MICRO:0001554|OMP:0005011								haloalkaliphilic	https://bacdive.dsmz.de/						
METPO:1000622	halotolerant	owl:Class	halophily preference	A halophily preference in which an organism can tolerate high salt concentrations but does not require them for growth.	MICRO:0001316						halotolerant	https://github.com/jmadin/bacteria_archaea_traits	halotolerant	https://bacdive.dsmz.de/						
METPO:1000623	moderately halophilic	owl:Class	halophily preference	A halophily preference where growth and proliferation requires high levels of sodium chloride, usually above or about 0.2 M.	OMP:0005016	Anthea Guo					moderate-halophilic	https://github.com/jmadin/bacteria_archaea_traits	moderately halophilic	https://bacdive.dsmz.de/						
METPO:1000624	non halophilic	owl:Class	halophily preference	A halophily preference in which an organism does not require or prefer elevated salt concentrations for growth.							non-halophilic	https://github.com/jmadin/bacteria_archaea_traits	non-halophilic	https://bacdive.dsmz.de/						
METPO:1000625	slightly halophilic	owl:Class	halophily preference	A halophily preference in which an organism requires low to moderate salt concentrations (0.3 to 0.8 M NaCl) for optimal growth.	OMP:0005016								slightly halophilic	https://bacdive.dsmz.de/						
METPO:1000626	stenohaline	owl:Class	halophily preference	A halophily preference in which an organism can only tolerate a narrow range of salinity concentrations and cannot survive significant changes in environmental salt levels.	https://purl.dsmz.de/schema/SaltTolerance	Jed Dongjin Kim-Ozaeta|Luke Wang					stenohaline	https://github.com/jmadin/bacteria_archaea_traits								
METPO:1000627	euryhaline	owl:Class	halophily preference	A halophily preference in which an organism can tolerate a wide range of salinity conditions.							euryhaline	https://github.com/jmadin/bacteria_archaea_traits								
METPO:1000628	extremely halophilic	owl:Class	halophily preference	A halophily preference in which an organism requires very high salt concentrations (typically 15-30% NaCl or higher) for optimal growth and cannot grow at salt concentrations below approximately 12%.	MICRO:0001314|OMP:0005016	Jed Dongjin Kim-Ozaeta					extreme-halophilic	https://github.com/jmadin/bacteria_archaea_traits	extremely halophilic	https://bacdive.dsmz.de/						
METPO:1000629	halophily preference	owl:Class	phenotype	A phenotype that is relating to an organism's salt concentration requirements or tolerance for growth.	OMP:0005016|https://purl.dsmz.de/schema/SaltTolerance						range_salinity	https://github.com/jmadin/bacteria_archaea_traits	Physiology and metabolism.halophily.halophily level	https://bacdive.dsmz.de/						
METPO:1000630	biological process	owl:Class		A execution of a genetically-encoded biological module or program. It consists of all the steps required to achieve the specific biological objective of the module. A biological process is accomplished by a particular set of molecular functions carried out by specific gene products (or macromolecular complexes), often in a highly regulated manner and in a particular temporal sequence.																
METPO:1000631	trophic type	owl:Class	phenotype	A phenotype that is describing how an organism obtains carbon and energy for growth and metabolism.		Luke Wang				nutritional type	pathways	https://github.com/jmadin/bacteria_archaea_traits	Physiology and metabolism.nutrition type.type	https://bacdive.dsmz.de/						
METPO:1000632	autotrophic	owl:Class	trophic type	A trophic type in which an organism produces organic compounds from inorganic carbon sources (primarily carbon dioxide or bicarbonate) using energy from light (photoautotrophy) or from the oxidation of inorganic compounds (chemoautotrophy).	MICRO:0001456|ECOCORE:00000009	Jed Dongjin Kim-Ozaeta					autotrophy	https://github.com/jmadin/bacteria_archaea_traits	autotroph	https://bacdive.dsmz.de/	TT_autotroph	https://ordar.otelo.univ-lorraine.fr/files/ORDAR-53/BactoTraits_databaseV2_Jun2022.csv				
METPO:1000633	carboxydotrophic	owl:Class	trophic type	A trophic type in which an organism derives energy from the oxidation of carbon monoxide.																
METPO:1000634	chemoautolithotrophic	owl:Class	trophic type	A trophic type in which an organism uses chemical oxidation of inorganic compounds as the energy source and carbon dioxide as the primary carbon source for biosynthesis.	ECOCORE:00000123|ECOCORE:00000124|ECOCORE:00000129|OMP:0007110|OMP:0007111	Luke Wang							chemoautolithotroph	https://bacdive.dsmz.de/						
METPO:1000635	chemoautotrophic	owl:Class	trophic type	A trophic type in which an organism obtains energy from oxidation of inorganic compounds and carbon from carbon dioxide.	ECOCORE:00000123|ECOCORE:00000129|MICRO:0001480|OMP:0007110|OMP:0007111								chemoautotroph	https://bacdive.dsmz.de/						
METPO:1000636	chemoheterotrophic	owl:Class	trophic type	A trophic type in which an organism obtains both energy and carbon from organic compounds.	ECOCORE:00000012|ECOCORE:00000127|ECOCORE:00000132|OMP:0007110|OMP:0007111						aerobic_chemo_heterotrophy	https://github.com/jmadin/bacteria_archaea_traits	chemoheterotroph	https://bacdive.dsmz.de/						
METPO:1000637	chemolithoautotrophic	owl:Class	trophic type	A trophic type in which an organism obtains energy from oxidation of inorganic compounds (lithotrophy) and carbon from carbon dioxide.	MICRO:0000511								chemolithoautotroph	https://bacdive.dsmz.de/						
METPO:1000638	chemolithoheterotrophic	owl:Class	trophic type	A trophic type characterized by the use of inorganic chemical compounds as electron donors for energy generation while utilizing organic compounds as the primary carbon source.	MICRO:0000512|MICRO:0001478	Anthea Guo							chemolithoheterotroph	https://bacdive.dsmz.de/						
METPO:1000639	chemolithotrophic	owl:Class	trophic type	A trophic type characterized by the use of inorganic chemical compounds as electron donors and carbon dioxide as the primary carbon source for energy generation and biosynthesis.	MICRO:0001499|OMP:0007110	Anthea Guo							chemolithotroph	https://bacdive.dsmz.de/						
METPO:1000640	chemoorganoheterotrophic	owl:Class	trophic type	A trophic type in which an organism obtains both energy and carbon from organic compounds through oxidation.	ECOCORE:00000127|MICRO:0000514|MICRO:0001479|MICRO:0001481|OMP:0007111								chemoorganoheterotroph	https://bacdive.dsmz.de/						
METPO:1000641	chemotrophic	owl:Class	trophic type	A trophic type in which an organism obtains energy from chemical oxidation of either inorganic or organic compounds.	MICRO:0001458								chemotroph	https://bacdive.dsmz.de/	TT_chemotroph	https://ordar.otelo.univ-lorraine.fr/files/ORDAR-53/BactoTraits_databaseV2_Jun2022.csv				
METPO:1000642	copiotrophic	owl:Class	nutrient adaptation	A nutrient adaptation in which an organism thrives in environments with high nutrient concentrations, typically exhibiting rapid growth rates and utilizing diverse carbon sources.		Jed Dongjin Kim-Ozaeta							copiotroph	https://bacdive.dsmz.de/						
METPO:1000644	heterotrophic	owl:Class	trophic type	A trophic type in which an organism obtains carbon from organic compounds rather than from carbon dioxide.	MICRO:0001474						heterotrophic|aerobic_heterotrophy	https://github.com/jmadin/bacteria_archaea_traits	heterotroph	https://bacdive.dsmz.de/	TT_heterotroph	https://ordar.otelo.univ-lorraine.fr/files/ORDAR-53/BactoTraits_databaseV2_Jun2022.csv				
METPO:1000646	hydrogenotrophic	owl:Class	trophic type	A trophic type in which an organism uses molecular hydrogen as an electron donor for energy generation and carbon dioxide as the primary carbon source.		Jed Dongjin Kim-Ozaeta|Luke Wang														
METPO:1000647	lithoautotrophic	owl:Class	trophic type	A trophic type in which an organism obtains energy from inorganic electron donors and carbon from carbon dioxide.	ECOCORE:00000009|ECOCORE:00000014|ECOCORE:00000122|MICRO:0001477|MICRO:0001483								lithoautotroph	https://bacdive.dsmz.de/						
METPO:1000648	lithoheterotrophic	owl:Class	trophic type	A trophic type in which an organism obtains energy from the oxidation of inorganic compounds while using organic compounds as the primary carbon source for biosynthesis.	ECOCORE:00000014|ECOCORE:00000162|MICRO:0001459|MICRO:0001478|OMP:0007110	Jed Dongjin Kim-Ozaeta							lithoheterotroph	https://bacdive.dsmz.de/						
METPO:1000649	lithotrophic	owl:Class	trophic type	A trophic type in which an organism uses inorganic compounds as electron donors for energy generation.	MICRO:0001459	Luke Wang							lithotroph	https://bacdive.dsmz.de/	TT_lithotroph	https://ordar.otelo.univ-lorraine.fr/files/ORDAR-53/BactoTraits_databaseV2_Jun2022.csv				
METPO:1000650	methanotrophic	owl:Class	trophic type	A trophic type in which an organism uses methane as the primary carbon and energy source through oxidation of methane to carbon dioxide.		Luke Wang							methanotroph	https://bacdive.dsmz.de/						
METPO:1000651	methylotrophic	owl:Class	trophic type	A trophic type in which an organism obtains energy and carbon from reduced one-carbon compounds.							methylotrophy	https://github.com/jmadin/bacteria_archaea_traits	methylotroph	https://bacdive.dsmz.de/	TT_methylotroph	https://ordar.otelo.univ-lorraine.fr/files/ORDAR-53/BactoTraits_databaseV2_Jun2022.csv				
METPO:1000652	mixotrophic	owl:Class	trophic type	A trophic type in which an organism can use both organic and inorganic carbon sources for growth.	MICRO:0001475								mixotroph	https://bacdive.dsmz.de/						
METPO:1000654	oligotrophic	owl:Class	nutrient adaptation	A nutrient adaptation characterized by the ability to thrive in environments with very low nutrient concentrations, typically possessing efficient nutrient uptake and utilization systems.	ENVO:00002223|ENVO:01000774	Anthea Guo|Jed Dongjin Kim-Ozaeta							oligotroph	https://bacdive.dsmz.de/	TT_oligotroph	https://ordar.otelo.univ-lorraine.fr/files/ORDAR-53/BactoTraits_databaseV2_Jun2022.csv				
METPO:1000655	organotrophic	owl:Class	trophic type	A trophic type in which an organism obtains energy from the oxidation of organic compounds.	ECOCORE:00000162|OMP:0007111								organotroph	https://bacdive.dsmz.de/	TT_organotroph	https://ordar.otelo.univ-lorraine.fr/files/ORDAR-53/BactoTraits_databaseV2_Jun2022.csv				
METPO:1000656	photoautotrophic	owl:Class	trophic type	A trophic type characterized by the use of light as the energy source and carbon dioxide as the primary carbon source for biosynthesis.	ECOCORE:00000017|ECOCORE:00000121|MICRO:0001457|MICRO:0001483|OMP:0006008	Anthea Guo					photoautotrophy|anoxygenic_photoautotrophy_hydrogen_oxidation|anoxygenic_photoautotrophy_sulfur_oxidation|anoxygenic_photoautotrophy|anoxygenic_photoautotrophy_iron_oxidation	https://github.com/jmadin/bacteria_archaea_traits	photoautotroph	https://bacdive.dsmz.de/						
METPO:1000657	photoheterotrophic	owl:Class	trophic type	A trophic type in which an organism uses light as the energy source and organic compounds as the primary carbon source for biosynthesis.	ECOCORE:00000131	Luke Wang					photoheterotrophy	https://github.com/jmadin/bacteria_archaea_traits	photoheterotroph	https://bacdive.dsmz.de/						
METPO:1000658	photolithotrophic	owl:Class	trophic type	A trophic type in which an organism uses light as the energy source and inorganic compounds as electron donors, typically with carbon dioxide as the primary carbon source.	MICRO:0001482	Jed Dongjin Kim-Ozaeta|Luke Wang							photolithotroph	https://bacdive.dsmz.de/						
METPO:1000659	photoorganoheterotrophic	owl:Class	trophic type	A trophic type in which an organism obtains energy from light and carbon from organic compounds.	MICRO:0000510								photoorganoheterotroph	https://bacdive.dsmz.de/						
METPO:1000660	phototrophic	owl:Class	trophic type	A trophic type characterized by the use of light as the primary energy source for metabolic processes, regardless of carbon source.	MICRO:0001457|OMP:0007064	Anthea Guo					aerobic_anoxygenic_phototrophy	https://github.com/jmadin/bacteria_archaea_traits	phototroph	https://bacdive.dsmz.de/	TT_phototroph	https://ordar.otelo.univ-lorraine.fr/files/ORDAR-53/BactoTraits_databaseV2_Jun2022.csv				
METPO:1000663	chemoorganotrophic	owl:Class	trophic type	A trophic type in which an organism obtains energy through chemical oxidation of organic compounds that also serve as the carbon source for biosynthesis.	OMP:0007111	Jed Dongjin Kim-Ozaeta							chemoorganotroph	https://bacdive.dsmz.de/						
METPO:1000664	organoheterotrophic	owl:Class	trophic type	A trophic type characterized by the use of organic compounds as both electron donors and primary carbon sources for energy generation and biosynthesis.	ECOCORE:00000121|ECOCORE:00000125|ECOCORE:00000126|ECOCORE:00000127|ECOCORE:00000162	Anthea Guo							organoheterotroph	https://bacdive.dsmz.de/						
METPO:1000665	photolithoautotrophic	owl:Class	trophic type	A trophic type in which an organism obtains energy from light and carbon from carbon dioxide using inorganic electron donors.	MICRO:0000500								photolithoautotroph	https://bacdive.dsmz.de/						
METPO:1000666	cell shape	owl:Class	phenotype	A phenotype that describes the characteristic three-dimensional morphological form of a microbial cell, determined by cell wall structure, cytoskeletal elements, and environmental factors.	OMP:0000073	Jed Dongjin Kim-Ozaeta|Luke Wang					cell_shape	https://github.com/jmadin/bacteria_archaea_traits	Morphology.cell morphology.cell shape	https://bacdive.dsmz.de/						
METPO:1000667	bacillus shaped	owl:Class	cell shape	A cell shape characterized by an elongated, rod cylindrical morphology with relatively parallel sides and rounded ends.	OMP:0000076	Anthea Guo					bacillus	https://github.com/jmadin/bacteria_archaea_traits								
METPO:1000668	coccus shaped	owl:Class	cell shape	A cell shape in which an organism has a spherical or nearly spherical morphology, with roughly equal dimensions in all directions.	MICRO:0000402|OMP:0000075|OMP:0000123	Jed Dongjin Kim-Ozaeta					coccus	https://github.com/jmadin/bacteria_archaea_traits	coccus-shaped	https://bacdive.dsmz.de/						
METPO:1000669	crescent shaped	owl:Class	cell shape		PATO:0002007	Luke Wang							crescent-shaped	https://bacdive.dsmz.de/						
METPO:1000670	curved shaped	owl:Class	cell shape		PATO:0002007|http://www.ebi.ac.uk/cmpo/CMPO_0000365	Anthea Guo							curved-shaped	https://bacdive.dsmz.de/	S_curved_spiral	https://ordar.otelo.univ-lorraine.fr/files/ORDAR-53/BactoTraits_databaseV2_Jun2022.csv				
METPO:1000671	diplococcus shaped	owl:Class	cell shape	A cell shape in which spherical cells remain attached in pairs following cell division, forming characteristic doublets.	OMP:0000117	Luke Wang							diplococcus-shaped	https://bacdive.dsmz.de/						
METPO:1000672	dumbbell shaped	owl:Class	cell shape										dumbbell-shaped	https://bacdive.dsmz.de/	S_star_dumbbell_pleomorphic	https://ordar.otelo.univ-lorraine.fr/files/ORDAR-53/BactoTraits_databaseV2_Jun2022.csv				
METPO:1000673	ellipsoidal	owl:Class	cell shape	A cell shape in which an organism has an oval or ellipse morphology, elongated along one axis with rounded ends, intermediate between spherical and rod-shaped.	PATO:0000947	Jed Dongjin Kim-Ozaeta|Luke Wang							ellipsoidal	https://bacdive.dsmz.de/						
METPO:1000674	filament shaped	owl:Class	cell shape		OMP:0000072	Luke Wang					filament	https://github.com/jmadin/bacteria_archaea_traits	filament-shaped	https://bacdive.dsmz.de/	S_filament	https://ordar.otelo.univ-lorraine.fr/files/ORDAR-53/BactoTraits_databaseV2_Jun2022.csv				
METPO:1000675	flask shaped	owl:Class	cell shape								flask	https://github.com/jmadin/bacteria_archaea_traits	flask-shaped	https://bacdive.dsmz.de/						
METPO:1000676	helical shaped	owl:Class	cell shape		PATO:0000404	Anthea Guo|Jed Dongjin Kim-Ozaeta							helical-shaped	https://bacdive.dsmz.de/						
METPO:1000677	ovoid shaped	owl:Class	cell shape	A cell shape in which an organism has an oval morphology, rounded at both ends with one end often slightly broader than the other.	PATO:0001891	Luke Wang							ovoid-shaped	https://bacdive.dsmz.de/	S_ovoid	https://ordar.otelo.univ-lorraine.fr/files/ORDAR-53/BactoTraits_databaseV2_Jun2022.csv				
METPO:1000678	oval shaped	owl:Class	cell shape	A cell shape characterized by an ellipsoidal morphology with rounded ends, resembling an elongated sphere.	OMP:0007100	Anthea Guo							oval-shaped	https://bacdive.dsmz.de/						
METPO:1000679	pleomorphic shaped	owl:Class	cell shape	A cell shape characterized by variable and irregular morphology, where individual cells within a population exhibit multiple distinct shapes.	OMP:0000132	Anthea Guo|Jed Dongjin Kim-Ozaeta					pleomorphic	https://github.com/jmadin/bacteria_archaea_traits	pleomorphic-shaped	https://bacdive.dsmz.de/	S_star_dumbbell_pleomorphic	https://ordar.otelo.univ-lorraine.fr/files/ORDAR-53/BactoTraits_databaseV2_Jun2022.csv				
METPO:1000680	ring shaped	owl:Class	cell shape	A cell shape in which an organism forms circular or toroidal structures.	PATO:0002539						ring	https://github.com/jmadin/bacteria_archaea_traits	ring-shaped	https://bacdive.dsmz.de/						
METPO:1000681	rod shaped	owl:Class	cell shape	A cell shape in which an organism has an elongated, cylindrical morphology with relatively straight sides and rounded or flat ends.	OMP:0000076	Luke Wang							rod-shaped	https://bacdive.dsmz.de/	S_rod	https://ordar.otelo.univ-lorraine.fr/files/ORDAR-53/BactoTraits_databaseV2_Jun2022.csv				
METPO:1000682	spore shaped	owl:Class	cell shape			Anthea Guo							spore-shaped	https://bacdive.dsmz.de/						
METPO:1000683	sphere shaped	owl:Class	cell shape		OMP:0007100	Anthea Guo							sphere-shaped	https://bacdive.dsmz.de/	S_sphere	https://ordar.otelo.univ-lorraine.fr/files/ORDAR-53/BactoTraits_databaseV2_Jun2022.csv				
METPO:1000684	spiral shaped	owl:Class	cell shape		OMP:0000124	Luke Wang					spiral	https://github.com/jmadin/bacteria_archaea_traits	spiral-shaped	https://bacdive.dsmz.de/	S_curved_spiral	https://ordar.otelo.univ-lorraine.fr/files/ORDAR-53/BactoTraits_databaseV2_Jun2022.csv				
METPO:1000685	star shaped	owl:Class	cell shape	A cell shape in which an organism has multiple radiating projections from a central body.	OMP:0000130|PATO:0002065						star	https://github.com/jmadin/bacteria_archaea_traits	star-shaped	https://bacdive.dsmz.de/	S_star_dumbbell_pleomorphic	https://ordar.otelo.univ-lorraine.fr/files/ORDAR-53/BactoTraits_databaseV2_Jun2022.csv				
METPO:1000686	vibrio shaped	owl:Class	cell shape	A cell shape in which an organism has a curved rod or comma morphology, characterized by a short curved cylindrical form with a single arc.	OMP:0000077|OMP:0000086	Jed Dongjin Kim-Ozaeta					vibrio	https://github.com/jmadin/bacteria_archaea_traits	vibrio-shaped	https://bacdive.dsmz.de/						
METPO:1000687	branched shaped	owl:Class	cell shape								branced	https://github.com/jmadin/bacteria_archaea_traits								
METPO:1000688	coccobacillus shaped	owl:Class	cell shape								coccobacillus	https://github.com/jmadin/bacteria_archaea_traits								
METPO:1000689	disc shaped	owl:Class	cell shape	A cell shape in which an organism is flat and circular.							disc	https://github.com/jmadin/bacteria_archaea_traits								
METPO:1000690	fusiform shaped	owl:Class	cell shape	A cell shape that is wide in the middle and tapers at both ends.	PATO:0002400						fusiform	https://github.com/jmadin/bacteria_archaea_traits								
METPO:1000691	irregular shaped	owl:Class	cell shape								irregular	https://github.com/jmadin/bacteria_archaea_traits								
METPO:1000692	spindle shaped	owl:Class	cell shape		PATO:0001409	Anthea Guo					spindle	https://github.com/jmadin/bacteria_archaea_traits								
METPO:1000693	spirochete shaped	owl:Class	cell shape	A cell shape in which an organism has an elongated, tightly coiled helical morphology with periplasmic flagella (endoflagella) located between the cell wall and outer membrane.	OMP:0000086|OMP:0000124|OMP:0000125	Jed Dongjin Kim-Ozaeta					spirochete	https://github.com/jmadin/bacteria_archaea_traits								
METPO:1000694	square shaped	owl:Class	cell shape								square	https://github.com/jmadin/bacteria_archaea_traits								
METPO:1000695	tailed shaped	owl:Class	cell shape								tailed	https://github.com/jmadin/bacteria_archaea_traits								
METPO:1000696	triangular shaped	owl:Class	cell shape								triangular	https://github.com/jmadin/bacteria_archaea_traits								
METPO:1000697	gram stain	owl:Class	phenotype	A phenotype where microorganisms are grouped based on their ability to retain crystal violet dye in the Gram staining procedure.	OMP:0000191	Jed Dongjin Kim-Ozaeta|Luke Wang					gram_stain	https://github.com/jmadin/bacteria_archaea_traits	Morphology.cell morphology.gram stain	https://bacdive.dsmz.de/						
METPO:1000698	gram positive	owl:Class	gram stain	A gram stain in which an organism retains crystal violet dye and appears purple under microscopy due to a thick peptidoglycan cell wall.	OMP:0000188|https://purl.dsmz.de/schema/GramPositiveBacteria						positive	https://github.com/jmadin/bacteria_archaea_traits	positive	https://bacdive.dsmz.de/	G_positive	https://ordar.otelo.univ-lorraine.fr/files/ORDAR-53/BactoTraits_databaseV2_Jun2022.csv				
METPO:1000699	gram negative	owl:Class	gram stain	A gram stain in which bacteria do not retain crystal violet dye and appear pink or red after staining, indicating a thin peptidoglycan layer and presence of an outer membrane.		Luke Wang					negative	https://github.com/jmadin/bacteria_archaea_traits	negative	https://bacdive.dsmz.de/	G_negative	https://ordar.otelo.univ-lorraine.fr/files/ORDAR-53/BactoTraits_databaseV2_Jun2022.csv				
METPO:1000700	gram variable	owl:Class	gram stain	A gram stain in which bacteria from the same culture show both gram-positive and gram-negative staining characteristics, often due to age of culture or cell wall degradation.	OMP:0000190	Luke Wang							variable	https://bacdive.dsmz.de/						
METPO:1000701	motility	owl:Class	phenotype	A phenotype in which an organism has the capability to move independently through its environment, typically by means of flagella, pili, gliding mechanisms, or other locomotory structures.	OMP:0000001	Jed Dongjin Kim-Ozaeta					motility	https://github.com/jmadin/bacteria_archaea_traits	Morphology.cell morphology.motility	https://bacdive.dsmz.de/						
METPO:1000702	motile	owl:Class	motility	A motility in which an organism has the ability to move independently using metabolic energy.	CL:0000219|OMP:0000005						yes	https://github.com/jmadin/bacteria_archaea_traits	yes	https://bacdive.dsmz.de/	motile	https://ordar.otelo.univ-lorraine.fr/files/ORDAR-53/BactoTraits_databaseV2_Jun2022.csv				
METPO:1000703	non motile	owl:Class	motility	A motility in which an organism lacks the ability to move independently under its own power.	OMP:0000133|OMP:0007488|OMP:0007489|OMP:0007490|UPHENO:0034076						no	https://github.com/jmadin/bacteria_archaea_traits	no	https://bacdive.dsmz.de/	non-motile	https://ordar.otelo.univ-lorraine.fr/files/ORDAR-53/BactoTraits_databaseV2_Jun2022.csv				
METPO:1000704	flagellated	owl:Class	motile	A motile in which an organism possesses flagella for locomotion.	CL:0011016|GO:0030317|MICRO:0000272|OMP:0000029						flagella	https://github.com/jmadin/bacteria_archaea_traits								
METPO:1000705	axially filamented	owl:Class	motile	A motility where the flagellum filament of an organism is located in the periplasm and does not extend past the cell envelope.	GO:0055040|OMP:0000023	Luke Wang					axial filament	https://github.com/jmadin/bacteria_archaea_traits								
METPO:1000706	gliding	owl:Class	motile	A motile in which an organism moves smoothly along solid surfaces without flagella or pili.	GO:0071976|MICRO:0000437|OMP:0000112						gliding	https://github.com/jmadin/bacteria_archaea_traits								
METPO:1000720	facultative psychrophilic	owl:Class	temperature preference	A temperature preference characterized by the ability to grow at low temperatures (typically below 20Â°C) while maintaining optimal growth at moderate temperatures.	MICRO:0001306|MICRO:0001417|OMP:0005007	Anthea Guo				facultative psychrophile	facultative psychrophilic	https://github.com/jmadin/bacteria_archaea_traits								
METPO:1000721	extreme hyperthermophilic	owl:Class	temperature preference	A temperature preference that grows optimally at temperatures above 90°C.	ENVO:00002027|MICRO:0001294|MICRO:0001538|OMP:0005003					extreme hyperthermophile|extremely hyperthermophilic										
METPO:1000731	nutrient adaptation	owl:Class	trophic type	A trophic type that involves an organism's physiological and metabolic adaptations to specific nutrient availability.	PHIPO:0001216	Luke Wang														
METPO:1000800	respiration	owl:Class	metabolism	A metabolism that is characterized by the method of performing cellular respiration, distinguished primarily by the specific terminal electron acceptor utilized for producing cellular energy.	GO:0009060|GO:0045333	Anthea Guo					pathways	https://github.com/jmadin/bacteria_archaea_traits								
METPO:1000801	Aerobic respiration	owl:Class	respiration	A respiration in which molecular oxygen serves as the terminal electron acceptor in the electron transport chain, generating ATP through oxidative phosphorylation with water as the final product.	GO:0009060	Jed Dongjin Kim-Ozaeta				Oxygen respiration|Oxic respiration										
METPO:1000802	Anaerobic respiration	owl:Class	respiration	A respiration in which an organism uses electron acceptors other than oxygen for energy production.	GO:0009061					Anoxic respiration|Dissimilatory respiration (non-O₂)										
METPO:1000803	Oxidative phosphorylation	owl:Class	metabolism	A metabolism that generates ATP through the transfer of electrons from electron donors to electron acceptors via redox reactions, coupled to the pumping of protons across a membrane to create an electrochemical gradient.	GO:0006119	Anthea Guo														
METPO:1000804	Substrate-level phosphorylation	owl:Class	metabolism	A metabolism in which ATP is formed directly by transfer of a phosphoryl group from a substrate to ADP.																
METPO:1000805	Electron transfer	owl:Class	metabolism	A metabolism in which electrons are transferred from an electron donor to an electron acceptor.	GO:0009055	Jed Dongjin Kim-Ozaeta														
METPO:1000806	Disproportionation	owl:Class	metabolism	A metabolism in which a single substrate simultaneously undergoes both oxidation and reduction reactions, with part of the substrate serving as the electron donor and another part serving as the electron acceptor.		Jed Dongjin Kim-Ozaeta														
METPO:1000844	Methanogenesis	owl:Class	metabolism	A metabolism in which methane is produced as the primary end product through the reduction of carbon-containing compounds, formate, methanol, or acetate, exclusively performed by methanogenic archaea under strictly anaerobic conditions.	GO:0015948	Jed Dongjin Kim-Ozaeta|Luke Wang				Carbonate respiration|Biomethanation|Biological methanation	methanogenesis	https://github.com/jmadin/bacteria_archaea_traits								
METPO:1000845	Acetogenesis	owl:Class	metabolism	A metabolism that produces acetate as the primary end product through the reduction of carbon dioxide or other carbon compounds using the Wood-Ljungdahl pathway, typically performed by acetogenic bacteria under anaerobic conditions.		Anthea Guo|Jed Dongjin Kim-Ozaeta				Acetate fermentation	acetogenesis	https://github.com/jmadin/bacteria_archaea_traits								
METPO:1000846	Homoacetogenesis	owl:Class	metabolism	A metabolism in which acetate is produced as the sole reduced end product from reduction of CO2 via the acetyl-CoA pathway.						Reductive acetyl-CoA pathway|Wood-Ljungdahl pathway										
METPO:1000870	sporulation	owl:Class	phenotype	A phenotype that is relating to an organism's ability to form dormant, stress-resistant endospores.	GO:0043934						sporulation	https://github.com/jmadin/bacteria_archaea_traits	Physiology and metabolism.spore formation.spore formation|General.keywords	https://bacdive.dsmz.de/						
METPO:1000871	spore forming	owl:Class	sporulation	A sporulation in which an organism has the ability to produce endospores.	GO:0034301|OMP:0000017|https://purl.dsmz.de/schema/SporeFormation						yes	https://github.com/jmadin/bacteria_archaea_traits	yes	https://bacdive.dsmz.de/	spore	https://ordar.otelo.univ-lorraine.fr/files/ORDAR-53/BactoTraits_databaseV2_Jun2022.csv				
METPO:1000872	non-spore forming	owl:Class	sporulation	A sporulation in which an organism lacks the ability to produce endospores.	OMP:0000018|OMP:0007232|OMP:0007236|OMP:0007434|UPHENO:0083394						no	https://github.com/jmadin/bacteria_archaea_traits	no	https://bacdive.dsmz.de/	no_spore	https://ordar.otelo.univ-lorraine.fr/files/ORDAR-53/BactoTraits_databaseV2_Jun2022.csv				
METPO:1000881	cell length	owl:Class	phenotype	A phenotype that inheres in a cell by virtue of its longer dimension when viewed on a plane.	OBA:2040145															
METPO:1000882	cell width	owl:Class	phenotype	A phenotype that inheres in a cell by virtue of its shorter dimension when viewed on a plane.	OBA:2040146															
METPO:1000883	cell length very small	owl:Class	cell length												L_<=1.3	https://ordar.otelo.univ-lorraine.fr/files/ORDAR-53/BactoTraits_databaseV2_Jun2022.csv	um		1.3	'cell length' and 'METPO:2000071' some xsd:decimal[<= 1.3]
METPO:1000884	cell length small	owl:Class	cell length												L_1.3_2	https://ordar.otelo.univ-lorraine.fr/files/ORDAR-53/BactoTraits_databaseV2_Jun2022.csv	um	1.3	2	'cell length' and 'METPO:2000071' some xsd:decimal[>= 1.3, <= 2]
METPO:1000885	cell length medium	owl:Class	cell length												L_2_3	https://ordar.otelo.univ-lorraine.fr/files/ORDAR-53/BactoTraits_databaseV2_Jun2022.csv	um	2	3	'cell length' and 'METPO:2000071' some xsd:decimal[>= 2, <= 3]
METPO:1000886	cell length large	owl:Class	cell length												L_>3	https://ordar.otelo.univ-lorraine.fr/files/ORDAR-53/BactoTraits_databaseV2_Jun2022.csv	um	3		'cell length' and 'METPO:2000071' some xsd:decimal[>= 3]
METPO:1000887	cell width very small	owl:Class	cell width												W_<=0.5	https://ordar.otelo.univ-lorraine.fr/files/ORDAR-53/BactoTraits_databaseV2_Jun2022.csv	um		0.5	'cell width' and 'METPO:2000071' some xsd:decimal[<= 0.5]
METPO:1000888	cell width small	owl:Class	cell width												W_0.5_0.65	https://ordar.otelo.univ-lorraine.fr/files/ORDAR-53/BactoTraits_databaseV2_Jun2022.csv	um	0.5	0.65	'cell width' and 'METPO:2000071' some xsd:decimal[>= 0.5, <= 0.65]
METPO:1000889	cell width medium	owl:Class	cell width												W_0.65_0.9	https://ordar.otelo.univ-lorraine.fr/files/ORDAR-53/BactoTraits_databaseV2_Jun2022.csv	um	0.65	0.9	'cell width' and 'METPO:2000071' some xsd:decimal[>= 0.65, <= 0.9]
METPO:1000890	cell width large	owl:Class	cell width												W_>0.9	https://ordar.otelo.univ-lorraine.fr/files/ORDAR-53/BactoTraits_databaseV2_Jun2022.csv	um	0.9		'cell width' and 'METPO:2000071' some xsd:decimal[>= 0.9]
METPO:1001000	observation	owl:Class																		
METPO:1001001	optimum temperature observation	owl:Class	observation	An observation that identifies the temperature at which a microorganism exhibits maximum growth rate or metabolic activity.	PATO:0000146	Luke Wang														
METPO:1001002	growth temperature observation	owl:Class	observation																	
METPO:1001003	temperature range observation	owl:Class	observation																	
METPO:1001004	temperature delta observation	owl:Class	observation																	
METPO:1001007	growth NaCl observation	owl:Class	observation																	
METPO:1001008	NaCl delta observation	owl:Class	observation																	
METPO:1001009	NaCl range observation	owl:Class	observation																	
METPO:1001010	optimum NaCl observation	owl:Class	observation																	
METPO:1001012	growth pH observation	owl:Class	observation																	
METPO:1001013	optimum pH observation	owl:Class	observation																	
METPO:1001014	pH delta observation	owl:Class	observation																	
METPO:1001015	pH range observation	owl:Class	observation																	
METPO:1001016	optimum oxygen observation	owl:Class	observation																	
METPO:1001017	growth oxygen observation	owl:Class	observation																	
METPO:1001018	oxygen range observation	owl:Class	observation																	
METPO:1001019	oxygen delta observation	owl:Class	observation																	
METPO:1001020	oxygen observation	owl:Class	observation																	
METPO:1001021	temperature observation	owl:Class	observation																	
METPO:1001022	NaCl observation	owl:Class	observation																	
METPO:1001023	pH observation	owl:Class	observation																	
METPO:1001101	biosafety level	owl:Class	quality	A quality that categorizes biological agents according to their hazard level and required containment measures.									Safety information.risk assessment.biosafety level	https://bacdive.dsmz.de/						
METPO:1001102	biosafety level 1	owl:Class	biosafety level	A biosafety level that pose minimal potential hazard to laboratory workers and the environment, requiring only standard microbiological practices.		Anthea Guo							1	https://bacdive.dsmz.de/						
METPO:1001103	biosafety level 2	owl:Class	biosafety level	A biosafety level that pose moderate risk and are associated with human diseases present in the community.									2	https://bacdive.dsmz.de/						
METPO:1001104	biosafety level 3	owl:Class	biosafety level	A biosafety level that can cause serious or potentially lethal disease through inhalation or other routes, requiring specialized containment facilities with controlled access, directional airflow, and strict safety protocols.		Jed Dongjin Kim-Ozaeta							3|3**	https://bacdive.dsmz.de/						
METPO:1001105	biosafety level 4	owl:Class	biosafety level	A biosafety level that pose extreme risk of life-threatening disease through aerosol transmission with no available treatment.									4	https://bacdive.dsmz.de/						
METPO:1001106	biosafety level 5	owl:Class	biosafety level	A biosafety level that is proposed as a classification beyond BSL-4 for hypothetical biological agents requiring enhanced containment.									5	https://bacdive.dsmz.de/						
METPO:1002003	Cable bacteria metabolism	owl:Class	metabolism	A metabolism in which electrons are transferred over centimeter-scale distances through multicellular filaments.																
METPO:1002005	Fermentation	owl:Class	respiration	A respiration that generates energy through the oxidation of organic compounds without using an external electron acceptor, using organic molecules as both electron donors and final electron acceptors.	GO:0006113	Luke Wang					fermentation	https://github.com/jmadin/bacteria_archaea_traits								
METPO:1002006	Syntrophy	owl:Class	metabolism	A metabolism in which the metabolism of one species is thermodynamically dependent on the removal of its products by another species.		Jed Dongjin Kim-Ozaeta														
METPO:1003000	pH growth preference	owl:Class	phenotype	A phenotype that describes how the rate and extent of population growth are affected by environmental pH.	OMP:0005008															
METPO:1003001	neutrophilic	owl:Class	pH growth preference	A pH growth preference characterized by optimal growth at near-neutral pH values, typically between pH 6.5 and 7.5.	PATO:0070046|OMP:0005010	Anthea Guo			neutrophile|neutralophile|neutralophilic											
METPO:1003002	alkaphilic	owl:Class	pH growth preference	A pH growth preference in which an organism grows optimally at pH values above 9.	ENVO:00002022|MICRO:0001549|OMP:0005009|OMP:0005010|OMP:0005011				alkaliphilic|alkaliphile|alkalophilic|alkalophile											
METPO:1003003	acidophilic	owl:Class	pH growth preference	A pH growth preference in which an organism grows optimally at pH values below 5.	MICRO:0001549|OMP:0005009|OMP:0005010|OMP:0005011|OMP:0007945				acidophile|acidophil											
METPO:1003004	obligately alkaphilic	owl:Class	pH growth preference	A pH growth preference in which an organism requires alkaline conditions (typically pH above 8.5) for growth and cannot grow at neutral or acidic pH.	ENVO:00002022|MICRO:0001565|OMP:0005011|OMP:0007771|OMP:0007947	Luke Wang			obligate alkaliphile|obligately alkaliphilic|obligate alkaphilic											
METPO:1003005	facultatively alkaphilic	owl:Class	pH growth preference	A pH growth preference in which an organism can grow at alkaline pH but does not require it.	MICRO:0001558|OMP:0005009|OMP:0005011|OMP:0007771|OMP:0007947				facultative alkaliphile|facultatively alkaliphilic|facultative alkaphilic											
METPO:1003006	obligately acidophilic	owl:Class	pH growth preference	A pH growth preference characterized by the requirement for acidic environments (pH below 5.5) for growth, with inability to grow at neutral or alkaline pH values.	MICRO:0001566	Anthea Guo|Jed Dongjin Kim-Ozaeta			obligate acidophile|obligately acidophilic											
METPO:1003007	facultatively acidophilic	owl:Class	pH growth preference	A pH growth preference characterized by optimal growth in acidic environments (pH below 5.5) with the capacity to also grow at near-neutral pH values.	MICRO:0001557|OMP:0005009|OMP:0005010|OMP:0007009|OMP:0007945	Anthea Guo|Jed Dongjin Kim-Ozaeta			facultative acidophile|facultatively acidophilic											
METPO:1003008	acidotolerant	owl:Class	pH growth preference	A pH growth preference characterized by the ability to tolerate acidic environments (typically pH below 5.5) while maintaining optimal growth near neutral pH.	MICRO:0001555	Anthea Guo|Jed Dongjin Kim-Ozaeta			aciduric											
METPO:1003009	alkalotolerant	owl:Class	pH growth preference	A pH growth preference in which an organism can tolerate alkaline pH but grows optimally at neutral pH.	OMP:0005009|OMP:0005011|OMP:0007011|OMP:0007771|OMP:0007947				alkalitolerant											
METPO:1003021	pigmentation	owl:Class	phenotype	A phenotype characterized by the color of pigments produced by a microorganism.	GO:0043473															
METPO:1003022	black pigmented	owl:Class	pigmentation												Pigment_black	https://ordar.otelo.univ-lorraine.fr/files/ORDAR-53/BactoTraits_databaseV2_Jun2022.csv				
METPO:1003023	brown pigmented	owl:Class	pigmentation												Pigment_brown	https://ordar.otelo.univ-lorraine.fr/files/ORDAR-53/BactoTraits_databaseV2_Jun2022.csv				
METPO:1003024	cream pigmented	owl:Class	pigmentation												Pigment_cream	https://ordar.otelo.univ-lorraine.fr/files/ORDAR-53/BactoTraits_databaseV2_Jun2022.csv				
METPO:1003025	green pigmented	owl:Class	pigmentation												Pigment_green	https://ordar.otelo.univ-lorraine.fr/files/ORDAR-53/BactoTraits_databaseV2_Jun2022.csv				
METPO:1003026	orange pigmented	owl:Class	pigmentation												Pigment_orange	https://ordar.otelo.univ-lorraine.fr/files/ORDAR-53/BactoTraits_databaseV2_Jun2022.csv				
METPO:1003027	pink pigmented	owl:Class	pigmentation												Pigment_pink	https://ordar.otelo.univ-lorraine.fr/files/ORDAR-53/BactoTraits_databaseV2_Jun2022.csv				
METPO:1003028	red pigmented	owl:Class	pigmentation												Pigment_red	https://ordar.otelo.univ-lorraine.fr/files/ORDAR-53/BactoTraits_databaseV2_Jun2022.csv				
METPO:1003029	white pigmented	owl:Class	pigmentation												Pigment_white	https://ordar.otelo.univ-lorraine.fr/files/ORDAR-53/BactoTraits_databaseV2_Jun2022.csv				
METPO:1003030	yellow pigmented	owl:Class	pigmentation												Pigment_yellow	https://ordar.otelo.univ-lorraine.fr/files/ORDAR-53/BactoTraits_databaseV2_Jun2022.csv				
METPO:1003031	carotenoid pigmentation	owl:Class	pigmentation												Pigment_carotenoid	https://ordar.otelo.univ-lorraine.fr/files/ORDAR-53/BactoTraits_databaseV2_Jun2022.csv				
METPO:1004000	pathogenic to host	owl:Class	phenotype	A phenotype where a microbe is a pathogen of of some host organism.	OMP:0000068|OMP:0007284								Safety information.risk assessment|General.keywords	https://bacdive.dsmz.de/						
METPO:1004002	animal pathogen	owl:Class	pathogenic to host	A pathogen that infects organisms in the kingdom Metazoa.									animal pathogen	https://bacdive.dsmz.de/						
METPO:1004003	plant pathogen	owl:Class	pathogenic to host	A pathogen that infects organisms in the kingdom Viridiplantae.									plant pathogen	https://bacdive.dsmz.de/						
METPO:1004004	human pathogen	owl:Class	pathogenic to host	A pathogen that infects organisms of the species Homo sapiens.	IDO:0000639								human pathogen	https://bacdive.dsmz.de/						
METPO:1004005	growth medium	owl:Class	material entity	A processed material that provides the nutrients and environmental conditions necessary for the cultivation of microorganisms in vitro. Growth media may be liquid (broth) or solid (agar-based) and are formulated to support the growth of specific types of organisms.	OBI:0000079		This class is equivalent to OBI:0000079 'culture medium'. It is included in METPO to serve as the range for growth-related object properties.	https://biolink.github.io/biolink-model/ChemicalEntity												