metpo_id	metpo_label	has_definition	has_def_source	best_match_distance	best_match_ontology	best_match_label	best_match_iri	proposed_definition	proposed_def_source	confidence_level	action_needed
METPO:1000059	phenotype	True	True	0.0	FYPO	phenotype	http://purl.obolibrary.org/obo/FYPO_0000001			high	Auto-propose (distance < 0.35) - but no definition available in match
METPO:1000060	metabolism	False	False	0.1624	DOI	Metabolism	<http://doi.org/10.1601/Metabolism>			high	Auto-propose (distance < 0.35) - but no definition available in match
METPO:1000127	GC content	True	False	0.6703	D3O	GCContent	<https://purl.dsmz.de/schema/GCContent>	The percentage of guanine (G) and cytosine (C) bases in a DNA or RNA molecule, often used as an indicator of stability and gene expression potential in a sequence.	D3O:<https://purl.dsmz.de/schema/GCContent>	low	Low confidence - manual definition preferred
METPO:1000186	material entity	True	False	0.0	BFO	material entity	http://purl.obolibrary.org/obo/BFO_0000040			high	Auto-propose (distance < 0.35) - but no definition available in match
METPO:1000188	quality	True	True	0.0	BFO	quality	http://purl.obolibrary.org/obo/BFO_0000019			high	Auto-propose (distance < 0.35) - but no definition available in match
METPO:1000232	pH delta	True	False	0.7105	UO	pH	http://purl.obolibrary.org/obo/UO_0000196			low	Low confidence - manual definition preferred - but no definition available in match
METPO:1000303	temperature delta	True	False	0.6863	MEO	temperature state	<https://mdatahub.org/data/meo/MEO_0001242>			low	Low confidence - manual definition preferred - but no definition available in match
METPO:1000304	temperature optimum	True	False	0.2702	MICRO	temperature optimum quality	http://purl.obolibrary.org/obo/MICRO_0001311			high	Auto-propose (distance < 0.35) - but no definition available in match
METPO:1000306	temperature range	True	False	0.6412	DOI	Temperature condition	<http://doi.org/10.1601/TemperatureCondition>			low	Low confidence - manual definition preferred - but no definition available in match
METPO:1000331	pH optimum	True	False	0.3191	MICRO	pH optimum quality	http://purl.obolibrary.org/obo/MICRO_0001545			high	Auto-propose (distance < 0.35) - but no definition available in match
METPO:1000332	pH range	True	False	0.585	UO	pH	http://purl.obolibrary.org/obo/UO_0000196			medium	Manual review recommended (distance 0.35-0.60) - but no definition available in match
METPO:1000333	NaCl optimum	True	False	0.6856	MICRO	salinity optimum quality	http://purl.obolibrary.org/obo/MICRO_0001312			low	Low confidence - manual definition preferred - but no definition available in match
METPO:1000334	NaCl range	True	False	0.7943	MCO	ZnCl2 0.2 to 1 mM	http://purl.obolibrary.org/obo/MCO_0000242			low	Low confidence - manual definition preferred - but no definition available in match
METPO:1000335	NaCl delta	True	False							none	No matches found - manual definition required
METPO:1000429	GC low	True	False							none	No matches found - manual definition required
METPO:1000430	GC mid1	True	False	0.7523	GO	CMG complex	http://purl.obolibrary.org/obo/GO_0071162			low	Low confidence - manual definition preferred - but no definition available in match
METPO:1000431	GC mid2	True	False							none	No matches found - manual definition required
METPO:1000432	GC high	True	False							none	No matches found - manual definition required
METPO:1000441	temperature optimum very low	True	False	0.5156	MICRO	temperature optimum quality	http://purl.obolibrary.org/obo/MICRO_0001311			medium	Manual review recommended (distance 0.35-0.60) - but no definition available in match
METPO:1000442	temperature optimum low	True	False	0.3663	MICRO	temperature optimum quality	http://purl.obolibrary.org/obo/MICRO_0001311			medium	Manual review recommended (distance 0.35-0.60) - but no definition available in match
METPO:1000443	temperature optimum mid1	True	False	0.6342	MICRO	temperature optimum quality	http://purl.obolibrary.org/obo/MICRO_0001311			low	Low confidence - manual definition preferred - but no definition available in match
METPO:1000444	temperature optimum mid2	True	False	0.5922	MICRO	temperature optimum quality	http://purl.obolibrary.org/obo/MICRO_0001311			medium	Manual review recommended (distance 0.35-0.60) - but no definition available in match
METPO:1000445	temperature optimum mid3	True	False	0.5731	MICRO	temperature optimum quality	http://purl.obolibrary.org/obo/MICRO_0001311			medium	Manual review recommended (distance 0.35-0.60) - but no definition available in match
METPO:1000446	temperature optimum mid4	True	False	0.5692	MICRO	temperature optimum quality	http://purl.obolibrary.org/obo/MICRO_0001311			medium	Manual review recommended (distance 0.35-0.60) - but no definition available in match
METPO:1000447	temperature optimum high	True	False	0.3202	MICRO	temperature optimum quality	http://purl.obolibrary.org/obo/MICRO_0001311			high	Auto-propose (distance < 0.35) - but no definition available in match
METPO:1000448	temperature range very low	True	False	0.5952	DOI	Extreme low temperature condition	<http://doi.org/10.1601/ExtremeLowTemperatureCondition>			medium	Manual review recommended (distance 0.35-0.60) - but no definition available in match
METPO:1000449	temperature range low	True	False	0.6703	DOI	Mid range temperature condition	<http://doi.org/10.1601/MidRangeTemperatureCondition>			low	Low confidence - manual definition preferred - but no definition available in match
METPO:1000450	temperature range mid1	True	False	0.6581	DOI	Mid range temperature condition	<http://doi.org/10.1601/MidRangeTemperatureCondition>			low	Low confidence - manual definition preferred - but no definition available in match
METPO:1000451	temperature range mid2	True	False	0.6812	DOI	Mid range temperature condition	<http://doi.org/10.1601/MidRangeTemperatureCondition>			low	Low confidence - manual definition preferred - but no definition available in match
METPO:1000452	temperature range mid3	True	False							none	No matches found - manual definition required
METPO:1000453	temperature range mid4	True	False							none	No matches found - manual definition required
METPO:1000454	temperature range high	True	False	0.6568	DOI	Extreme high temperature condition	<http://doi.org/10.1601/ExtremeHighTemperatureCondition>			low	Low confidence - manual definition preferred - but no definition available in match
METPO:1000455	pH optimum low	True	False	0.4294	MICRO	pH optimum quality	http://purl.obolibrary.org/obo/MICRO_0001545			medium	Manual review recommended (distance 0.35-0.60) - but no definition available in match
METPO:1000456	pH optimum mid1	True	False	0.5566	MICRO	pH optimum quality	http://purl.obolibrary.org/obo/MICRO_0001545			medium	Manual review recommended (distance 0.35-0.60) - but no definition available in match
METPO:1000457	pH optimum mid2	True	False	0.5288	MICRO	pH optimum quality	http://purl.obolibrary.org/obo/MICRO_0001545			medium	Manual review recommended (distance 0.35-0.60) - but no definition available in match
METPO:1000458	pH optimum high	True	False	0.3081	MICRO	pH optimum quality	http://purl.obolibrary.org/obo/MICRO_0001545			high	Auto-propose (distance < 0.35) - but no definition available in match
METPO:1000459	pH range very low	True	False							none	No matches found - manual definition required
METPO:1000460	pH range low	True	False	0.6645	FYPO	sensitive to low pH	http://purl.obolibrary.org/obo/FYPO_0001989			low	Low confidence - manual definition preferred - but no definition available in match
METPO:1000461	pH range mid1	True	False	0.7463	D3O	Minimum pH	<https://purl.dsmz.de/schema/MinimumPH>			low	Low confidence - manual definition preferred - but no definition available in match
METPO:1000462	pH range mid2	True	False	0.7312	MICRO	moderately acidic pH	http://purl.obolibrary.org/obo/MICRO_0001405			low	Low confidence - manual definition preferred - but no definition available in match
METPO:1000463	pH range mid3	True	False	0.5873	MCO	pH 3.5	http://purl.obolibrary.org/obo/MCO_0000720			medium	Manual review recommended (distance 0.35-0.60) - but no definition available in match
METPO:1000464	pH range high	True	False	0.6687	FYPO	sensitive to high pH	http://purl.obolibrary.org/obo/FYPO_0001987			low	Low confidence - manual definition preferred - but no definition available in match
METPO:1000465	NaCl optimum low	True	False	0.7053	MICRO	salinity optimum quality	http://purl.obolibrary.org/obo/MICRO_0001312			low	Low confidence - manual definition preferred - but no definition available in match
METPO:1000466	NaCl optimum mid1	True	False	0.7717	MCO	ZnCl2 1 mM	http://purl.obolibrary.org/obo/MCO_0000243			low	Low confidence - manual definition preferred - but no definition available in match
METPO:1000467	NaCl optimum mid2	True	False							none	No matches found - manual definition required
METPO:1000468	NaCl optimum high	True	False	0.6939	MICRO	salinity optimum quality	http://purl.obolibrary.org/obo/MICRO_0001312			low	Low confidence - manual definition preferred - but no definition available in match
METPO:1000469	NaCl range low	True	False							none	No matches found - manual definition required
METPO:1000470	NaCl range mid1	True	False	0.7769	MCO	ZnCl2 0.2 to 1 mM	http://purl.obolibrary.org/obo/MCO_0000242			low	Low confidence - manual definition preferred - but no definition available in match
METPO:1000471	NaCl range mid2	True	False							none	No matches found - manual definition required
METPO:1000472	NaCl range high	True	False							none	No matches found - manual definition required
METPO:1000473	pH delta very low	True	False	0.7104	MCO	pH 3.5	http://purl.obolibrary.org/obo/MCO_0000720			low	Low confidence - manual definition preferred - but no definition available in match
METPO:1000474	pH delta low	True	False	0.7264	GO	pH reduction	http://purl.obolibrary.org/obo/GO_0045851			low	Low confidence - manual definition preferred - but no definition available in match
METPO:1000475	pH delta mid1	True	False							none	No matches found - manual definition required
METPO:1000476	pH delta mid2	True	False							none	No matches found - manual definition required
METPO:1000477	pH delta mid3	True	False	0.749	MCO	pH 3.5	http://purl.obolibrary.org/obo/MCO_0000720			low	Low confidence - manual definition preferred - but no definition available in match
METPO:1000478	pH delta high	True	False							none	No matches found - manual definition required
METPO:1000479	NaCl delta low	True	False							none	No matches found - manual definition required
METPO:1000480	NaCl delta mid1	True	False							none	No matches found - manual definition required
METPO:1000481	NaCl delta mid2	True	False							none	No matches found - manual definition required
METPO:1000482	NaCl delta high	True	False							none	No matches found - manual definition required
METPO:1000483	temperature delta very low	True	False	0.7322	DOI	Extreme low temperature condition	<http://doi.org/10.1601/ExtremeLowTemperatureCondition>			low	Low confidence - manual definition preferred - but no definition available in match
METPO:1000484	temperature delta low	True	False	0.7908	MEO	temperature state	<https://mdatahub.org/data/meo/MEO_0001242>			low	Low confidence - manual definition preferred - but no definition available in match
METPO:1000485	temperature delta mid1	True	False							none	No matches found - manual definition required
METPO:1000486	temperature delta mid2	True	False							none	No matches found - manual definition required
METPO:1000487	temperature delta high	True	False	0.7735	MEO	temperature state	<https://mdatahub.org/data/meo/MEO_0001242>			low	Low confidence - manual definition preferred - but no definition available in match
METPO:1000525	microbe	True	True	0.3829	UNKNOWN	microorganism	<http://purl.org/zonmw/generic/10024>			medium	Manual review recommended (distance 0.35-0.60) - but no definition available in match
METPO:1000526	chemical entity	True	True	0.0	BIOLINK	chemical entity	https://w3id.org/biolink/vocab/ChemicalEntity			high	Auto-propose (distance < 0.35) - but no definition available in match
METPO:1000531	pH phenotype with numerical limits	False	False	0.7767	OMP	pH effects on population growth phenotype	http://purl.obolibrary.org/obo/OMP_0005008	A population growth phenotype relating to how the rate and/or extent of growth of a microbial population is affected by the pH of the environment.; This is a high-level term whose primary purpose is to organize terms beneath it in the ontology, and we expect that it will not be used for direct annotations. Please consider using a more specific term to annotate each phenotype.	OMP:http://purl.obolibrary.org/obo/OMP_0005008	low	Low confidence - manual definition preferred
METPO:1000532	salinity phenotype with numerical limits	False	False	0.6086	MEO	salinity state	<https://mdatahub.org/data/meo/MEO_0001245>			low	Low confidence - manual definition preferred - but no definition available in match
METPO:1000533	temperature phenotype with numerical limits	False	False	0.5705	DOI	Temperature phenotype	<http://doi.org/10.1601/TemperaturePhenotype>			medium	Manual review recommended (distance 0.35-0.60) - but no definition available in match
METPO:1000534	delta phenotype with numerical limits	False	False							none	No matches found - manual definition required
METPO:1000535	growth range phenotype with numerical limits	False	False							none	No matches found - manual definition required
METPO:1000536	optimum phenotype with numerical limits	False	False							none	No matches found - manual definition required
METPO:1000601	oxygen preference	False	False	0.5481	DOI	Oxygen phenotype	<http://doi.org/10.1601/OxygenPhenotype>			medium	Manual review recommended (distance 0.35-0.60) - but no definition available in match
METPO:1000602	aerobic	True	False	0.0	MICRO	aerobic	http://purl.obolibrary.org/obo/MICRO_0000494			high	Auto-propose (distance < 0.35) - but no definition available in match
METPO:1000603	anaerobic	True	False	0.0	MICRO	anaerobic	http://purl.obolibrary.org/obo/MICRO_0000495			high	Auto-propose (distance < 0.35) - but no definition available in match
METPO:1000604	microaerophilic	True	False	0.0	MICRO	microaerophilic	http://purl.obolibrary.org/obo/MICRO_0000515			high	Auto-propose (distance < 0.35) - but no definition available in match
METPO:1000605	facultatively anaerobic	True	False	0.1709	MICRO	facultatively anaerobic	http://purl.obolibrary.org/obo/MICRO_0000503	facultative anaerobe	MICRO:http://purl.obolibrary.org/obo/MICRO_0000503	high	Auto-propose (distance < 0.35)
METPO:1000606	obligately aerobic	True	False	0.0	MICRO	obligately aerobic	http://purl.obolibrary.org/obo/MICRO_0000516			high	Auto-propose (distance < 0.35) - but no definition available in match
METPO:1000607	obligately anaerobic	True	False	0.0	MICRO	obligately anaerobic	http://purl.obolibrary.org/obo/MICRO_0000504			high	Auto-propose (distance < 0.35) - but no definition available in match
METPO:1000608	facultatively aerobic	True	False	0.2669	MICRO	facultatively anaerobic	http://purl.obolibrary.org/obo/MICRO_0000503	facultative anaerobe	MICRO:http://purl.obolibrary.org/obo/MICRO_0000503	high	Auto-propose (distance < 0.35)
METPO:1000609	aerotolerant	True	False	0.0	MICRO	aerotolerant	http://purl.obolibrary.org/obo/MICRO_0000502			high	Auto-propose (distance < 0.35) - but no definition available in match
METPO:1000610	microaerotolerant	True	False	0.3184	MICRO	microaerophilic	http://purl.obolibrary.org/obo/MICRO_0000515			high	Auto-propose (distance < 0.35) - but no definition available in match
METPO:1000611	strictly anaerobic	True	False	0.3199	DOI	Strict anaerobe	<http://doi.org/10.1601/StrictAnaerobe>			high	Auto-propose (distance < 0.35) - but no definition available in match
METPO:1000612	facultative oxygen preference	True	False	0.5263	MICRO	facultative anaerobiosis	http://purl.obolibrary.org/obo/MICRO_0001527			medium	Manual review recommended (distance 0.35-0.60) - but no definition available in match
METPO:1000613	temperature preference	True	False	0.6181	DOI	Temperature condition	<http://doi.org/10.1601/TemperatureCondition>			low	Low confidence - manual definition preferred - but no definition available in match
METPO:1000614	psychrophilic	True	False	0.0	MICRO	psychrophilic	http://purl.obolibrary.org/obo/MICRO_0001306			high	Auto-propose (distance < 0.35) - but no definition available in match
METPO:1000615	mesophilic	True	False	0.0	MICRO	mesophilic	http://purl.obolibrary.org/obo/MICRO_0000111			high	Auto-propose (distance < 0.35) - but no definition available in match
METPO:1000616	thermophilic	True	False	0.0	MICRO	thermophilic	http://purl.obolibrary.org/obo/MICRO_0000118			high	Auto-propose (distance < 0.35) - but no definition available in match
METPO:1000617	hyperthermophilic	True	False	0.0	MICRO	hyperthermophilic	http://purl.obolibrary.org/obo/MICRO_0001294			high	Auto-propose (distance < 0.35) - but no definition available in match
METPO:1000618	psychrotolerant	True	False	0.0	MICRO	psychrotolerant	http://purl.obolibrary.org/obo/MICRO_0001310			high	Auto-propose (distance < 0.35) - but no definition available in match
METPO:1000619	thermotolerant	True	False	0.0	MICRO	thermotolerant	http://purl.obolibrary.org/obo/MICRO_0001286			high	Auto-propose (distance < 0.35) - but no definition available in match
METPO:1000620	halophilic	False	False	0.0	MICRO	halophilic	http://purl.obolibrary.org/obo/MICRO_0001314			high	Auto-propose (distance < 0.35) - but no definition available in match
METPO:1000621	haloalkaliphilic	False	False	0.3502	MICRO	alkaliphilic	http://purl.obolibrary.org/obo/MICRO_0001547			medium	Manual review recommended (distance 0.35-0.60) - but no definition available in match
METPO:1000622	halotolerant	False	False	0.0	MICRO	halotolerant	http://purl.obolibrary.org/obo/MICRO_0001316			high	Auto-propose (distance < 0.35) - but no definition available in match
METPO:1000623	moderately halophilic	False	False	0.3993	UNKNOWN	Halophilic	<http://purl.jp/bio/10/mpo#MPO_03007>			medium	Manual review recommended (distance 0.35-0.60) - but no definition available in match
METPO:1000624	non halophilic	False	False	0.2815	MICRO	halophilic	http://purl.obolibrary.org/obo/MICRO_0001314			high	Auto-propose (distance < 0.35) - but no definition available in match
METPO:1000625	slightly halophilic	False	False	0.3565	MICRO	halophilic	http://purl.obolibrary.org/obo/MICRO_0001314			medium	Manual review recommended (distance 0.35-0.60) - but no definition available in match
METPO:1000626	stenohaline	False	False	0.7177	UNKNOWN	Stenohaline	<http://purl.jp/bio/10/mpo#MPO_03025>			low	Low confidence - manual definition preferred - but no definition available in match
METPO:1000627	euryhaline	False	False	0.1101	UNKNOWN	Euryhaline	<http://purl.jp/bio/10/mpo#MPO_03024>			high	Auto-propose (distance < 0.35) - but no definition available in match
METPO:1000628	extremely halophilic	False	False	0.3034	UNKNOWN	Halophilic	<http://purl.jp/bio/10/mpo#MPO_03007>			high	Auto-propose (distance < 0.35) - but no definition available in match
METPO:1000629	halophily preference	False	False	0.656	MICRO	halophilic	http://purl.obolibrary.org/obo/MICRO_0001314			low	Low confidence - manual definition preferred - but no definition available in match
METPO:1000630	biological process	True	True	0.0	BIOLINK	biological process	https://w3id.org/biolink/vocab/BiologicalProcess			high	Auto-propose (distance < 0.35) - but no definition available in match
METPO:1000631	trophic type	True	False	0.7508	ECOCORE	trophic process	http://purl.obolibrary.org/obo/ECOCORE_00000008	A process during which a living entity acquires or generates food and energy from a living, dead, or non-living entity.	ECOCORE:http://purl.obolibrary.org/obo/ECOCORE_00000008	low	Low confidence - manual definition preferred
METPO:1000632	autotrophic	False	False	0.0	MICRO	autotrophic	http://purl.obolibrary.org/obo/MICRO_0001456			high	Auto-propose (distance < 0.35) - but no definition available in match
METPO:1000633	carboxydotrophic	False	False	0.7061	BIOLINK	carboxylation	https://w3id.org/biolink/vocab/GeneOrGeneProductOrChemicalEntityAspectEnum#carboxylation			low	Low confidence - manual definition preferred - but no definition available in match
METPO:1000634	chemoautolithotrophic	False	False	0.3057	MICRO	chemoorganoautotrophic	http://purl.obolibrary.org/obo/MICRO_0001480			high	Auto-propose (distance < 0.35) - but no definition available in match
METPO:1000635	chemoautotrophic	False	False	0.1966	MICRO	chemoorganoautotrophic	http://purl.obolibrary.org/obo/MICRO_0001480			high	Auto-propose (distance < 0.35) - but no definition available in match
METPO:1000636	chemoheterotrophic	False	False	0.2505	MICRO	chemolithoheterotrophic	http://purl.obolibrary.org/obo/MICRO_0001478			high	Auto-propose (distance < 0.35) - but no definition available in match
METPO:1000637	chemolithoautotrophic	False	False	0.0	MICRO	chemolithoautotrophic	http://purl.obolibrary.org/obo/MICRO_0001477			high	Auto-propose (distance < 0.35) - but no definition available in match
METPO:1000638	chemolithoheterotrophic	False	False	0.0	MICRO	chemolithoheterotrophic	http://purl.obolibrary.org/obo/MICRO_0001478			high	Auto-propose (distance < 0.35) - but no definition available in match
METPO:1000639	chemolithotrophic	False	False	0.0	MICRO	chemolithotrophic	http://purl.obolibrary.org/obo/MICRO_0001476			high	Auto-propose (distance < 0.35) - but no definition available in match
METPO:1000640	chemoorganoheterotrophic	False	False	0.0	MICRO	chemoorganoheterotrophic	http://purl.obolibrary.org/obo/MICRO_0001481			high	Auto-propose (distance < 0.35) - but no definition available in match
METPO:1000641	chemotrophic	False	False	0.0	MICRO	chemotrophic	http://purl.obolibrary.org/obo/MICRO_0001458			high	Auto-propose (distance < 0.35) - but no definition available in match
METPO:1000642	copiotrophic	False	False	0.3203	UNKNOWN	Copiotrophic	<http://purl.jp/bio/10/mpo#MPO_04024>	Copiotroph	UNKNOWN:<http://purl.jp/bio/10/mpo#MPO_04024>	high	Auto-propose (distance < 0.35)
METPO:1000644	heterotrophic	False	False	0.0	MICRO	heterotrophic	http://purl.obolibrary.org/obo/MICRO_0001474			high	Auto-propose (distance < 0.35) - but no definition available in match
METPO:1000646	hydrogenotrophic	False	False	0.5603	MICRO	chemotrophic	http://purl.obolibrary.org/obo/MICRO_0001458			medium	Manual review recommended (distance 0.35-0.60) - but no definition available in match
METPO:1000647	lithoautotrophic	False	False	0.2175	UNKNOWN	Lithoautotrophic	<http://purl.jp/bio/10/mpo#MPO_04041>	Lithoautotroph	UNKNOWN:<http://purl.jp/bio/10/mpo#MPO_04041>	high	Auto-propose (distance < 0.35)
METPO:1000648	lithoheterotrophic	False	False	0.1663	MICRO	lithotrophic	http://purl.obolibrary.org/obo/MICRO_0001459			high	Auto-propose (distance < 0.35) - but no definition available in match
METPO:1000649	lithotrophic	False	False	0.0	MICRO	lithotrophic	http://purl.obolibrary.org/obo/MICRO_0001459			high	Auto-propose (distance < 0.35) - but no definition available in match
METPO:1000650	methanotrophic	False	False	0.2969	UNKNOWN	Methanotrophic	<http://purl.jp/bio/10/mpo#MPO_04014>	Methanotroph	UNKNOWN:<http://purl.jp/bio/10/mpo#MPO_04014>	high	Auto-propose (distance < 0.35)
METPO:1000651	methylotrophic	False	False	0.2366	UNKNOWN	Methylotrophic	<http://purl.jp/bio/10/mpo#MPO_04015>	Methylotroph	UNKNOWN:<http://purl.jp/bio/10/mpo#MPO_04015>	high	Auto-propose (distance < 0.35)
METPO:1000652	mixotrophic	False	False	0.0	MICRO	mixotrophic	http://purl.obolibrary.org/obo/MICRO_0001475			high	Auto-propose (distance < 0.35) - but no definition available in match
METPO:1000654	oligotrophic	False	False	0.0	MEO	oligotrophic	<https://mdatahub.org/data/meo/MEO_0001463>			high	Auto-propose (distance < 0.35) - but no definition available in match
METPO:1000655	organotrophic	False	False	0.3406	UNKNOWN	Organotrophic	<http://purl.jp/bio/10/mpo#MPO_04017>	Organotroph	UNKNOWN:<http://purl.jp/bio/10/mpo#MPO_04017>	high	Auto-propose (distance < 0.35)
METPO:1000656	photoautotrophic	False	False	0.242	MICRO	photolithoautotrophic	http://purl.obolibrary.org/obo/MICRO_0001483			high	Auto-propose (distance < 0.35) - but no definition available in match
METPO:1000657	photoheterotrophic	False	False	0.2442	MICRO	photolithoheterotrophic	http://purl.obolibrary.org/obo/MICRO_0001484			high	Auto-propose (distance < 0.35) - but no definition available in match
METPO:1000658	photolithotrophic	False	False	0.0	MICRO	photolithotrophic	http://purl.obolibrary.org/obo/MICRO_0001482			high	Auto-propose (distance < 0.35) - but no definition available in match
METPO:1000659	photoorganoheterotrophic	False	False	0.0	MICRO	photoorganoheterotrophic	http://purl.obolibrary.org/obo/MICRO_0001487			high	Auto-propose (distance < 0.35) - but no definition available in match
METPO:1000660	phototrophic	False	False	0.0	MICRO	phototrophic	http://purl.obolibrary.org/obo/MICRO_0001457			high	Auto-propose (distance < 0.35) - but no definition available in match
METPO:1000663	chemoorganotrophic	False	False	0.0	MICRO	chemoorganotrophic	http://purl.obolibrary.org/obo/MICRO_0001479			high	Auto-propose (distance < 0.35) - but no definition available in match
METPO:1000664	organoheterotrophic	False	False	0.3299	UNKNOWN	Organoheterotrophic	<http://purl.jp/bio/10/mpo#MPO_04151>	Organoheterotroph	UNKNOWN:<http://purl.jp/bio/10/mpo#MPO_04151>	high	Auto-propose (distance < 0.35)
METPO:1000665	photolithoautotrophic	False	False	0.0	MICRO	photolithoautotrophic	http://purl.obolibrary.org/obo/MICRO_0001483			high	Auto-propose (distance < 0.35) - but no definition available in match
METPO:1000666	cell shape	False	False	0.0037	APO	cell shape	http://purl.obolibrary.org/obo/APO_0000051			high	Auto-propose (distance < 0.35) - but no definition available in match
METPO:1000667	bacillus shaped	False	False	0.3226	MICRO	bacillus	http://purl.obolibrary.org/obo/MICRO_0000401			high	Auto-propose (distance < 0.35) - but no definition available in match
METPO:1000668	coccus shaped	False	False	0.1767	MICRO	coccus	http://purl.obolibrary.org/obo/MICRO_0000402			high	Auto-propose (distance < 0.35) - but no definition available in match
METPO:1000669	crescent shaped	False	False	0.3253	FLOPO	style crescent-shaped	http://purl.obolibrary.org/obo/FLOPO_0017171			high	Auto-propose (distance < 0.35) - but no definition available in match
METPO:1000670	curved shaped	False	False	0.241	PATO	curved	http://purl.obolibrary.org/obo/PATO_0000406			high	Auto-propose (distance < 0.35) - but no definition available in match
METPO:1000671	diplococcus shaped	False	False	0.3165	MICRO	diplococcus	http://purl.obolibrary.org/obo/MICRO_0000383			high	Auto-propose (distance < 0.35) - but no definition available in match
METPO:1000672	dumbbell shaped	False	False	0.0573	PATO	dumbbell-shaped	http://purl.obolibrary.org/obo/PATO_0001876			high	Auto-propose (distance < 0.35) - but no definition available in match
METPO:1000673	ellipsoidal	False	False	0.5663	PATO	elliptic	http://purl.obolibrary.org/obo/PATO_0000947	ellipse-shaped; ellipsoid; elliptical; oval; ovoid	PATO:http://purl.obolibrary.org/obo/PATO_0000947	medium	Manual review recommended (distance 0.35-0.60)
METPO:1000674	filament shaped	False	False	0.2438	FLOPO	filament star shaped	http://purl.obolibrary.org/obo/FLOPO_0018443			high	Auto-propose (distance < 0.35) - but no definition available in match
METPO:1000675	flask shaped	False	False	0.3514	UNKNOWN	Flask shape	<http://purl.jp/bio/10/mpo#MPO_01008>	Flask-shaped; Flask	UNKNOWN:<http://purl.jp/bio/10/mpo#MPO_01008>	medium	Manual review recommended (distance 0.35-0.60)
METPO:1000676	helical shaped	False	False	0.4469	UNKNOWN	Helical shape	<http://purl.jp/bio/10/mpo#MPO_01010>	Helical-shaped; Helical	UNKNOWN:<http://purl.jp/bio/10/mpo#MPO_01010>	medium	Manual review recommended (distance 0.35-0.60)
METPO:1000677	ovoid shaped	False	False	0.5015	UNKNOWN	Ovoid shape	<http://purl.jp/bio/10/mpo#MPO_01013>	Ovoid-shaped; Ovoid	UNKNOWN:<http://purl.jp/bio/10/mpo#MPO_01013>	medium	Manual review recommended (distance 0.35-0.60)
METPO:1000678	oval shaped	False	False	0.6304	PATO	V-shaped	http://purl.obolibrary.org/obo/PATO_0002224			low	Low confidence - manual definition preferred - but no definition available in match
METPO:1000679	pleomorphic shaped	False	False	0.3425	UNKNOWN	Pleomorphic shape	<http://purl.jp/bio/10/mpo#MPO_01014>	Pleomorphic-shaped; Pleomorphic	UNKNOWN:<http://purl.jp/bio/10/mpo#MPO_01014>	high	Auto-propose (distance < 0.35)
METPO:1000680	ring shaped	False	False	0.3661	PATO	ring shaped	http://purl.obolibrary.org/obo/PATO_0002539	annular; ring-shaped	PATO:http://purl.obolibrary.org/obo/PATO_0002539	medium	Manual review recommended (distance 0.35-0.60)
METPO:1000681	rod shaped	False	False	0.7214	PATO	bullet-shaped	http://purl.obolibrary.org/obo/PATO_0002087			low	Low confidence - manual definition preferred - but no definition available in match
METPO:1000682	spore shaped	False	False	0.3329	FLOPO	plant spore shape	http://purl.obolibrary.org/obo/FLOPO_0009935			high	Auto-propose (distance < 0.35) - but no definition available in match
METPO:1000683	sphere shaped	False	False	0.6576	FLOPO	stem spherical	http://purl.obolibrary.org/obo/FLOPO_0011958			low	Low confidence - manual definition preferred - but no definition available in match
METPO:1000684	spiral shaped	False	False	0.5052	UNKNOWN	Spiral	<http://purl.jp/bio/10/mpo#MPO_01018>	Spiral-shaped; Spiral	UNKNOWN:<http://purl.jp/bio/10/mpo#MPO_01018>	medium	Manual review recommended (distance 0.35-0.60)
METPO:1000685	star shaped	False	False	0.3827	FLOPO	style star shaped	http://purl.obolibrary.org/obo/FLOPO_0012311			medium	Manual review recommended (distance 0.35-0.60) - but no definition available in match
METPO:1000686	vibrio shaped	False	False	0.2884	UNKNOWN	Vibrio shape	<http://purl.jp/bio/10/mpo#MPO_01022>	Vibrio-shaped; Vibrio	UNKNOWN:<http://purl.jp/bio/10/mpo#MPO_01022>	high	Auto-propose (distance < 0.35)
METPO:1000687	branched shaped	False	False	0.302	PATO	branched	http://purl.obolibrary.org/obo/PATO_0000402			high	Auto-propose (distance < 0.35) - but no definition available in match
METPO:1000688	coccobacillus shaped	False	False	0.4414	MICRO	coccobacillus	http://purl.obolibrary.org/obo/MICRO_0000366	sub-coccoidal; subspherical; subcoccoidal	MICRO:http://purl.obolibrary.org/obo/MICRO_0000366	medium	Manual review recommended (distance 0.35-0.60)
METPO:1000689	disc shaped	False	False	0.6054	PATO	discoid	http://purl.obolibrary.org/obo/PATO_0001874	disc-shaped; disk-shaped	PATO:http://purl.obolibrary.org/obo/PATO_0001874	low	Low confidence - manual definition preferred
METPO:1000690	fusiform shaped	False	False	0.1192	PATO	fusiform	http://purl.obolibrary.org/obo/PATO_0002400			high	Auto-propose (distance < 0.35) - but no definition available in match
METPO:1000691	irregular shaped	False	False	0.0977	PATO	irregularly shaped	http://purl.obolibrary.org/obo/PATO_0005020			high	Auto-propose (distance < 0.35) - but no definition available in match
METPO:1000692	spindle shaped	False	False	0.05	PATO	spindle-shaped	http://purl.obolibrary.org/obo/PATO_0001409			high	Auto-propose (distance < 0.35) - but no definition available in match
METPO:1000693	spirochete shaped	False	False	0.3123	UNKNOWN	Spirochete shape	<http://purl.jp/bio/10/mpo#MPO_01023>	Spirochete-shaped; Spirochete	UNKNOWN:<http://purl.jp/bio/10/mpo#MPO_01023>	high	Auto-propose (distance < 0.35)
METPO:1000694	square shaped	False	False	0.5249	UNKNOWN	Square shape	<http://purl.jp/bio/10/mpo#MPO_01020>	Square-shaped; Square	UNKNOWN:<http://purl.jp/bio/10/mpo#MPO_01020>	medium	Manual review recommended (distance 0.35-0.60)
METPO:1000695	tailed shaped	False	False	0.6384	MP	thin tail	http://purl.obolibrary.org/obo/MP_0000589			low	Low confidence - manual definition preferred - but no definition available in match
METPO:1000696	triangular shaped	False	False	0.4899	MP	triangular face	http://purl.obolibrary.org/obo/MP_0012546			medium	Manual review recommended (distance 0.35-0.60) - but no definition available in match
METPO:1000697	gram stain	False	False	0.1291	UNKNOWN	Gram stain	<http://purl.jp/bio/10/mpo#MPO_07001>			high	Auto-propose (distance < 0.35) - but no definition available in match
METPO:1000698	gram positive	False	False	0.2949	MICRO	Gram-positive bacteria	http://purl.obolibrary.org/obo/MICRO_0001372			high	Auto-propose (distance < 0.35) - but no definition available in match
METPO:1000699	gram negative	False	False	0.3604	MICRO	Gram-negative bacteria	http://purl.obolibrary.org/obo/MICRO_0001373			medium	Manual review recommended (distance 0.35-0.60) - but no definition available in match
METPO:1000700	gram variable	False	False	0.4469	UNKNOWN	Gram variable	<http://purl.jp/bio/10/mpo#MPO_07004>			medium	Manual review recommended (distance 0.35-0.60) - but no definition available in match
METPO:1000701	motility	False	False	0.1317	UNKNOWN	Motility	<http://purl.jp/bio/10/mpo#MPO_02000>			high	Auto-propose (distance < 0.35) - but no definition available in match
METPO:1000702	motile	False	False	0.1214	UNKNOWN	Motile	<http://purl.jp/bio/10/mpo#MPO_02001>			high	Auto-propose (distance < 0.35) - but no definition available in match
METPO:1000703	non motile	False	False	0.0925	DOI	Non motile	<http://doi.org/10.1601/NonMotile>			high	Auto-propose (distance < 0.35) - but no definition available in match
METPO:1000704	flagellated	False	False	0.3605	CL	flagellated sperm cell	http://purl.obolibrary.org/obo/CL_0011016			medium	Manual review recommended (distance 0.35-0.60) - but no definition available in match
METPO:1000705	axially filamented	False	False	0.4077	FLOPO	filament axial to	http://purl.obolibrary.org/obo/FLOPO_0021767			medium	Manual review recommended (distance 0.35-0.60) - but no definition available in match
METPO:1000706	gliding	False	False	0.1369	DOI	Gliding	<http://doi.org/10.1601/Gliding>			high	Auto-propose (distance < 0.35) - but no definition available in match
METPO:1000720	facultative psychrophilic	False	False	0.0771	MICRO	facultative psychrophile	http://purl.obolibrary.org/obo/MICRO_0001417			high	Auto-propose (distance < 0.35) - but no definition available in match
METPO:1000721	extreme hyperthermophilic	True	False	0.253	MICRO	hyperthermophilic	http://purl.obolibrary.org/obo/MICRO_0001294			high	Auto-propose (distance < 0.35) - but no definition available in match
METPO:1000731	nutrient adaptation	False	False	0.6332	APO	nutrient utilization	http://purl.obolibrary.org/obo/APO_0000096			low	Low confidence - manual definition preferred - but no definition available in match
METPO:1000800	respiration	True	False	0.204	DOI	Respiration	<http://doi.org/10.1601/Respiration>			high	Auto-propose (distance < 0.35) - but no definition available in match
METPO:1000801	Aerobic respiration	False	False	0.1592	GO	aerobic respiration	http://purl.obolibrary.org/obo/GO_0009060			high	Auto-propose (distance < 0.35) - but no definition available in match
METPO:1000802	Anaerobic respiration	False	False	0.0	DOI	Anaerobic respiration	<http://doi.org/10.1601/AnaerobicRespiration>			high	Auto-propose (distance < 0.35) - but no definition available in match
METPO:1000803	Oxidative phosphorylation	False	False	0.2734	GO	oxidative phosphorylation	http://purl.obolibrary.org/obo/GO_0006119			high	Auto-propose (distance < 0.35) - but no definition available in match
METPO:1000804	Substrate-level phosphorylation	False	False	0.6156	GO	protein phosphorylation	http://purl.obolibrary.org/obo/GO_0006468			low	Low confidence - manual definition preferred - but no definition available in match
METPO:1000805	Electron transfer	False	False	0.6896	DOI	Electron acceptor	<http://doi.org/10.1601/media/ExogenousElectronAcceptor>			low	Low confidence - manual definition preferred - but no definition available in match
METPO:1000806	Disproportionation	False	False	0.789	UNKNOWN	proportion	http://www.geneontology.org/formats/oboInOwl#proportion			low	Low confidence - manual definition preferred - but no definition available in match
METPO:1000844	Methanogenesis	False	False	0.1663	GO	methanogenesis	http://purl.obolibrary.org/obo/GO_0015948			high	Auto-propose (distance < 0.35) - but no definition available in match
METPO:1000845	Acetogenesis	False	False	0.523	UNKNOWN	Acetate fermentation	<http://purl.jp/bio/10/mpo#MPO_04048>			medium	Manual review recommended (distance 0.35-0.60) - but no definition available in match
METPO:1000846	Homoacetogenesis	False	False	0.6197	UNKNOWN	Acetate fermentation	<http://purl.jp/bio/10/mpo#MPO_04048>			low	Low confidence - manual definition preferred - but no definition available in match
METPO:1000870	sporulation	False	False	0.0	APO	sporulation	http://purl.obolibrary.org/obo/APO_0000041			high	Auto-propose (distance < 0.35) - but no definition available in match
METPO:1000871	spore forming	False	False	0.3752	GO	spore germination	http://purl.obolibrary.org/obo/GO_0009847			medium	Manual review recommended (distance 0.35-0.60) - but no definition available in match
METPO:1000872	non-spore forming	False	False	0.4775	FYPO	normal spore morphology	http://purl.obolibrary.org/obo/FYPO_0000943			medium	Manual review recommended (distance 0.35-0.60) - but no definition available in match
METPO:1000881	cell length	True	False	0.3703	OMP	cell length phenotype	<http://purl.obolibrary.org/obo/OMP_0000322>			medium	Manual review recommended (distance 0.35-0.60) - but no definition available in match
METPO:1000882	cell width	True	False	0.339	MICRO	has cell width	http://purl.obolibrary.org/obo/MICRO_0001179			high	Auto-propose (distance < 0.35) - but no definition available in match
METPO:1000883	cell length very small	True	False	0.6769	OMP	cell length phenotype	<http://purl.obolibrary.org/obo/OMP_0000322>			low	Low confidence - manual definition preferred - but no definition available in match
METPO:1000884	cell length small	True	False	0.6012	OMP	cell length phenotype	<http://purl.obolibrary.org/obo/OMP_0000322>			low	Low confidence - manual definition preferred - but no definition available in match
METPO:1000885	cell length medium	True	False	0.63	OMP	cell length phenotype	<http://purl.obolibrary.org/obo/OMP_0000322>			low	Low confidence - manual definition preferred - but no definition available in match
METPO:1000886	cell length large	True	False	0.5197	OMP	cell length phenotype	<http://purl.obolibrary.org/obo/OMP_0000322>			medium	Manual review recommended (distance 0.35-0.60) - but no definition available in match
METPO:1000887	cell width very small	True	False	0.5371	MICRO	has cell width	http://purl.obolibrary.org/obo/MICRO_0001179			medium	Manual review recommended (distance 0.35-0.60) - but no definition available in match
METPO:1000888	cell width small	True	False	0.4735	MICRO	has cell width	http://purl.obolibrary.org/obo/MICRO_0001179			medium	Manual review recommended (distance 0.35-0.60) - but no definition available in match
METPO:1000889	cell width medium	True	False	0.5002	MICRO	has cell width	http://purl.obolibrary.org/obo/MICRO_0001179			medium	Manual review recommended (distance 0.35-0.60) - but no definition available in match
METPO:1000890	cell width large	True	False	0.4501	MICRO	has cell width	http://purl.obolibrary.org/obo/MICRO_0001179			medium	Manual review recommended (distance 0.35-0.60) - but no definition available in match
METPO:1001000	observation	True	True	0.0	BIOLINK	observation	https://w3id.org/biolink/vocab/KnowledgeLevelEnum#observation			high	Auto-propose (distance < 0.35) - but no definition available in match
METPO:1001001	optimum temperature observation	True	False	0.7245	MICRO	optimal growth temperature	http://purl.obolibrary.org/obo/MICRO_0001542			low	Low confidence - manual definition preferred - but no definition available in match
METPO:1001002	growth temperature observation	True	False	0.5881	DOI	Growth observation	<http://doi.org/10.1601/GrowthObservation>			medium	Manual review recommended (distance 0.35-0.60) - but no definition available in match
METPO:1001003	temperature range observation	True	False	0.6934	DOI	Temperature condition	<http://doi.org/10.1601/TemperatureCondition>			low	Low confidence - manual definition preferred - but no definition available in match
METPO:1001004	temperature delta observation	True	False							none	No matches found - manual definition required
METPO:1001007	growth NaCl observation	False	False	0.5977	FYPO	normal growth on sodium chloride	http://purl.obolibrary.org/obo/FYPO_0006717			medium	Manual review recommended (distance 0.35-0.60) - but no definition available in match
METPO:1001008	NaCl delta observation	False	False							none	No matches found - manual definition required
METPO:1001009	NaCl range observation	False	False							none	No matches found - manual definition required
METPO:1001010	optimum NaCl observation	False	False							none	No matches found - manual definition required
METPO:1001012	growth pH observation	False	False	0.5824	MICRO	pH growth assay	http://purl.obolibrary.org/obo/MICRO_0001104			medium	Manual review recommended (distance 0.35-0.60) - but no definition available in match
METPO:1001013	optimum pH observation	False	False	0.4709	D3O	Optimum pH	<https://purl.dsmz.de/schema/OptimumPH>			medium	Manual review recommended (distance 0.35-0.60) - but no definition available in match
METPO:1001014	pH delta observation	False	False							none	No matches found - manual definition required
METPO:1001015	pH range observation	False	False	0.6674	UNKNOWN	pH indicator	<http://purl.jp/bio/10/gmo/GMO_000052>			low	Low confidence - manual definition preferred - but no definition available in match
METPO:1001016	optimum oxygen observation	False	False	0.683	DOI	Oxygen condition	<http://doi.org/10.1601/OxygenCondition>			low	Low confidence - manual definition preferred - but no definition available in match
METPO:1001017	growth oxygen observation	False	False	0.6608	GO	detection of oxygen	http://purl.obolibrary.org/obo/GO_0003032			low	Low confidence - manual definition preferred - but no definition available in match
METPO:1001018	oxygen range observation	False	False	0.6419	DOI	Oxygen condition	<http://doi.org/10.1601/OxygenCondition>			low	Low confidence - manual definition preferred - but no definition available in match
METPO:1001019	oxygen delta observation	False	False	0.7355	DOI	Oxygen condition	<http://doi.org/10.1601/OxygenCondition>			low	Low confidence - manual definition preferred - but no definition available in match
METPO:1001020	oxygen observation	False	False	0.5887	DOI	Oxygen condition	<http://doi.org/10.1601/OxygenCondition>			medium	Manual review recommended (distance 0.35-0.60) - but no definition available in match
METPO:1001021	temperature observation	False	False	0.6182	DOI	Temperature condition	<http://doi.org/10.1601/TemperatureCondition>			low	Low confidence - manual definition preferred - but no definition available in match
METPO:1001022	NaCl observation	False	False							none	No matches found - manual definition required
METPO:1001023	pH observation	False	False	0.6071	UNKNOWN	pH indicator	<http://purl.jp/bio/10/gmo/GMO_000052>			low	Low confidence - manual definition preferred - but no definition available in match
METPO:1001101	biosafety level	False	False							none	No matches found - manual definition required
METPO:1001102	biosafety level 1	False	False							none	No matches found - manual definition required
METPO:1001103	biosafety level 2	False	False							none	No matches found - manual definition required
METPO:1001104	biosafety level 3	False	False							none	No matches found - manual definition required
METPO:1001105	biosafety level 4	False	False							none	No matches found - manual definition required
METPO:1001106	biosafety level 5	False	False							none	No matches found - manual definition required
METPO:1002003	Cable bacteria metabolism	False	False							none	No matches found - manual definition required
METPO:1002005	Fermentation	False	False	0.0	UNKNOWN	Fermentation	<http://purl.jp/bio/10/mpo#MPO_04046>			high	Auto-propose (distance < 0.35) - but no definition available in match
METPO:1002006	Syntrophy	False	False							none	No matches found - manual definition required
METPO:1003000	pH growth preference	False	False	0.4331	D3O	Growth pH	<https://purl.dsmz.de/schema/GrowthPH>			medium	Manual review recommended (distance 0.35-0.60) - but no definition available in match
METPO:1003001	neutrophilic	False	False	0.0	MICRO	neutrophilic	http://purl.obolibrary.org/obo/MICRO_0001546			high	Auto-propose (distance < 0.35) - but no definition available in match
METPO:1003002	alkaphilic	False	False	0.6041	MICRO	alkaliphilic	http://purl.obolibrary.org/obo/MICRO_0001547			low	Low confidence - manual definition preferred - but no definition available in match
METPO:1003003	acidophilic	False	False	0.363	CL	acidophilic cytoplasm	http://purl.obolibrary.org/obo/CL_0017502			medium	Manual review recommended (distance 0.35-0.60) - but no definition available in match
METPO:1003004	obligately alkaphilic	False	False	0.2101	MICRO	obligately alkaliphilic	http://purl.obolibrary.org/obo/MICRO_0001565			high	Auto-propose (distance < 0.35) - but no definition available in match
METPO:1003005	facultatively alkaphilic	False	False	0.4142	MICRO	facultative alkaliphile	http://purl.obolibrary.org/obo/MICRO_0001558			medium	Manual review recommended (distance 0.35-0.60) - but no definition available in match
METPO:1003006	obligately acidophilic	False	False	0.0	MICRO	obligately acidophilic	http://purl.obolibrary.org/obo/MICRO_0001566			high	Auto-propose (distance < 0.35) - but no definition available in match
METPO:1003007	facultatively acidophilic	False	False	0.2166	MICRO	facultative acidophile	http://purl.obolibrary.org/obo/MICRO_0001557			high	Auto-propose (distance < 0.35) - but no definition available in match
METPO:1003008	acidotolerant	False	False	0.0	MICRO	acidotolerant	http://purl.obolibrary.org/obo/MICRO_0001555			high	Auto-propose (distance < 0.35) - but no definition available in match
METPO:1003009	alkalotolerant	False	False	0.1003	MICRO	alkalitolerant	http://purl.obolibrary.org/obo/MICRO_0001556			high	Auto-propose (distance < 0.35) - but no definition available in match
METPO:1003021	pigmentation	True	False	0.0	GO	pigmentation	http://purl.obolibrary.org/obo/GO_0043473			high	Auto-propose (distance < 0.35) - but no definition available in match
METPO:1003022	black pigmented	True	False	0.5137	UNKNOWN	cell pigmentation	http://purl.obolibrary.org/obo/MicrO.owl/MICRO_0002518			medium	Manual review recommended (distance 0.35-0.60) - but no definition available in match
METPO:1003023	brown pigmented	True	False	0.489	GO	male pigmentation	http://purl.obolibrary.org/obo/GO_0048094			medium	Manual review recommended (distance 0.35-0.60) - but no definition available in match
METPO:1003024	cream pigmented	True	False	0.3766	UNKNOWN	cell pigmentation	http://purl.obolibrary.org/obo/MicrO.owl/MICRO_0002518			medium	Manual review recommended (distance 0.35-0.60) - but no definition available in match
METPO:1003025	green pigmented	True	False	0.452	UNKNOWN	cell pigmentation	http://purl.obolibrary.org/obo/MicrO.owl/MICRO_0002518			medium	Manual review recommended (distance 0.35-0.60) - but no definition available in match
METPO:1003026	orange pigmented	True	False	0.4223	UNKNOWN	cell pigmentation	http://purl.obolibrary.org/obo/MicrO.owl/MICRO_0002518			medium	Manual review recommended (distance 0.35-0.60) - but no definition available in match
METPO:1003027	pink pigmented	True	False	0.4474	PATO	pigmented	http://purl.obolibrary.org/obo/PATO_0002248			medium	Manual review recommended (distance 0.35-0.60) - but no definition available in match
METPO:1003028	red pigmented	True	False	0.443	PATO	pigmented	http://purl.obolibrary.org/obo/PATO_0002248			medium	Manual review recommended (distance 0.35-0.60) - but no definition available in match
METPO:1003029	white pigmented	True	False	0.4697	UNKNOWN	cell pigmentation	http://purl.obolibrary.org/obo/MicrO.owl/MICRO_0002518			medium	Manual review recommended (distance 0.35-0.60) - but no definition available in match
METPO:1003030	yellow pigmented	True	False	0.4292	UNKNOWN	cell pigmentation	http://purl.obolibrary.org/obo/MicrO.owl/MICRO_0002518			medium	Manual review recommended (distance 0.35-0.60) - but no definition available in match
METPO:1003031	carotenoid pigmentation	True	False	0.3494	CHEBI	carotenoid	http://purl.obolibrary.org/obo/CHEBI_23044			high	Auto-propose (distance < 0.35) - but no definition available in match
METPO:1004000	pathogenic to host	True	False							none	No matches found - manual definition required
METPO:1004002	animal pathogen	True	False							none	No matches found - manual definition required
METPO:1004003	plant pathogen	True	False							none	No matches found - manual definition required
METPO:1004004	human pathogen	True	False							none	No matches found - manual definition required
